symbol,regularMarketPrice,regularMarketChangePercent,regularMarketVolume,averageDailyVolume3Month,marketCap,VolumeSpike,MomentumScore,VolumeScore,VolatilityScore,TrendScore,HotScore
BNTX,111.795,20.53369,7701105.0,944698.0,28083392512.0,8.151922625008204,0.9929245283018868,0.9952830188679245,0.9481132075471698,0.8773584905660378,0.9732311320754716
MRNA,171.4756,172.13745,171969304.0,6881288.0,68459216896.0,24.990859850655866,1.0,1.0,0.9976415094339622,0.6816037735849056,0.967688679245283
AMR,192.55,13.639046,405983.0,276832.0,2441350144.0,1.4665320483181135,0.9834905660377359,0.9198113207547169,0.9669811320754716,0.9740566037735849,0.9569575471698113
TWST,140.155,20.719208,3031587.0,1776385.0,8788758528.0,1.7066047056240623,0.9952830188679245,0.9433962264150944,0.9693396226415094,0.8372641509433962,0.9561320754716981
WPM,147.02,10.791265,5678745.0,1954559.0,66770599936.0,2.905384283615895,0.9410377358490566,0.9834905660377359,0.9198113207547169,0.8349056603773585,0.9410377358490566
AEM,207.985,11.257622,4420843.0,2811970.0,105316294656.0,1.5721515521147096,0.9551886792452831,0.9292452830188679,0.9599056603773585,0.8301886792452831,0.9345518867924528
MRK,152.1625,12.571212,27097108.0,10253262.0,375411015680.0,2.642779244302935,0.9669811320754716,0.9764150943396226,0.9363207547169812,0.6108490566037735,0.9285377358490565
TEM,60.785,23.146269,18636825.0,5880758.0,10967726080.0,3.169119525068027,0.9976415094339622,0.9858490566037735,0.8938679245283019,0.5400943396226415,0.927004716981132
MSTR,104.31,12.743193,38375377.0,20334574.0,41440448512.0,1.8871984729062925,0.9716981132075472,0.964622641509434,0.8985849056603774,0.44575471698113206,0.902004716981132
COIN,159.61,9.149973,13877194.0,7910595.0,42111012864.0,1.7542541363829143,0.9033018867924528,0.9457547169811321,0.9127358490566038,0.6650943396226415,0.8962264150943396
MELI,1917.53,7.778478,564781.0,460270.0,97212637184.0,1.2270645490690246,0.8514150943396226,0.8514150943396226,1.0,1.0,0.8959905660377357
CRSP,59.09,11.553707,2436047.0,1617969.0,5713569280.0,1.505620317818203,0.9575471698113207,0.9221698113207547,0.7900943396226415,0.7523584905660378,0.8911556603773585
PPC,31.355,10.056159,3377185.0,1572264.0,7465892864.0,2.147975785237085,0.9292452830188679,0.9716981132075472,0.6509433962264151,0.6580188679245284,0.8613207547169811
HYMC,27.74,14.675483,2569281.0,1962911.0,2584859904.0,1.308913649166977,0.9905660377358491,0.8797169811320755,0.6933962264150944,0.5966981132075472,0.8529481132075472
CRCL,78.44,9.354522,19943071.0,13000664.0,21382283264.0,1.5340040324094215,0.9150943396226415,0.9268867924528302,0.8018867924528302,0.4693396226415094,0.852004716981132
HONA,171.15,6.463051,5101045.0,3514568.0,54246457344.0,1.4514002858957344,0.7665094339622641,0.9127358490566038,0.8797169811320755,0.7900943396226415,0.8426886792452829
AYA,27.12,8.523414,1117495.0,603445.0,3906260736.0,1.8518589100912262,0.8891509433962265,0.9622641509433962,0.5731132075471698,0.7830188679245284,0.8409198113207547
KC,12.36,14.022136,2781529.0,1546454.0,3700208896.0,1.7986496850213456,0.9858490566037735,0.9575471698113207,0.49764150943396224,0.5094339622641509,0.8306603773584905
AMLX,37.78,7.6046658,6692121.0,2043522.0,4209562624.0,3.27479762879969,0.839622641509434,0.9882075471698113,0.6273584905660378,0.6438679245283019,0.8295990566037735
AUGO,83.205,9.13563,1058001.0,1015083.0,6975644672.0,1.042280286439631,0.8962264150943396,0.7594339622641509,0.8042452830188679,0.8443396226415094,0.8247641509433963
NBTX,44.8374,9.146535,112646.0,109732.0,2277899520.0,1.0265556082090912,0.9009433962264151,0.75,0.7122641509433962,0.9528301886792453,0.815566037735849
AU,108.36,10.627875,2785500.0,3003538.0,54805155840.0,0.9274062788617956,0.9386792452830188,0.6721698113207547,0.8820754716981132,0.7452830188679245,0.8147405660377358
ARE,50.85,10.929316,1898864.0,1879369.0,8751044608.0,1.0103731624816628,0.9457547169811321,0.7429245283018868,0.7570754716981132,0.6981132075471698,0.8122641509433962
FNV,250.5794,7.563272,767019.0,833969.0,48330203136.0,0.9197212366406905,0.8372641509433962,0.6674528301886793,0.9457547169811321,0.9339622641509434,0.8091981132075472
HL,20.342,13.326935,59727826.0,33281024.0,13665113088.0,1.7946510900626134,0.9764150943396226,0.9528301886792453,0.6014150943396226,0.12264150943396226,0.8077830188679245
ALMR,35.25,6.9478183,485910.0,316904.0,2446095104.0,1.5333034609850302,0.7924528301886793,0.9245283018867925,0.5943396226415094,0.8655660377358491,0.8063679245283017
SA,33.44,7.76667,968647.0,761435.0,3607213312.0,1.2721335373341125,0.8490566037735849,0.8773584905660378,0.6061320754716981,0.7759433962264151,0.8030660377358491
IMNM,29.665,7.6378865,2188541.0,1388841.0,3369280512.0,1.5758038537168761,0.8419811320754716,0.9316037735849056,0.5707547169811321,0.6721698113207547,0.802122641509434
RGEN,174.76,5.182065,1563132.0,1094012.0,9862688768.0,1.428806996632578,0.6391509433962265,0.9080188679245284,0.8490566037735849,0.9056603773584906,0.8018867924528301
OR,34.9,8.016094,1222682.0,990132.0,6543606272.0,1.2348676742090954,0.8679245283018868,0.8584905660377359,0.6155660377358491,0.7429245283018868,0.8016509433962264
XNCR,27.29,7.3986664,1714170.0,974924.0,2029104384.0,1.7582601310461123,0.8231132075471698,0.9481132075471698,0.5377358490566038,0.7028301886792453,0.797759433962264
DUOL,146.98,5.256371,1867317.0,1341603.0,6848256000.0,1.3918551166030488,0.660377358490566,0.9033018867924528,0.8183962264150944,0.8632075471698113,0.7972877358490567
KGC,29.84,10.029496,10458044.0,8225096.0,35397423104.0,1.2714798708732395,0.9268867924528302,0.875,0.6297169811320755,0.36792452830188677,0.7933962264150943
JKHY,163.34,6.6745048,1414147.0,1437577.0,11605434368.0,0.9837017425849189,0.7759433962264151,0.7287735849056604,0.8773584905660378,0.8702830188679245,0.7891509433962264
BEAM,29.14,9.672562,2403627.0,2139840.0,3009802496.0,1.1232741700314042,0.9221698113207547,0.8018867924528302,0.6132075471698113,0.5872641509433962,0.7847877358490566
FICO,1162.21,7.7996845,246746.0,328382.0,25100988416.0,0.7513992849790793,0.8537735849056604,0.5330188679245284,0.9952830188679245,0.9976415094339622,0.7841981132075471
AG,20.695,11.985931,13692506.0,10997193.0,10200696832.0,1.2450909973117685,0.9622641509433962,0.8632075471698113,0.5801886792452831,0.2830188679245283,0.783254716981132
OGC,30.075,9.637459,430758.0,440314.0,6690109440.0,0.9782973060134359,0.9198113207547169,0.7264150943396226,0.625,0.8207547169811321,0.783254716981132
SSRM,35.21,11.1076,3015975.0,3090191.0,7179646464.0,0.9759833615462604,0.9504716981132075,0.7240566037735849,0.6886792452830188,0.5660377358490566,0.7804245283018867
LLY,1284.065,4.7592206,3425553.0,2966969.0,1145053773824.0,1.1545631248590733,0.5731132075471698,0.8136792452830188,0.9905660377358491,0.9575471698113207,0.7792452830188679
TXG,61.82,11.127088,2850215.0,3255191.0,8054600192.0,0.8755907103454145,0.9528301886792453,0.6320754716981132,0.7924528301886793,0.6509433962264151,0.7783018867924529
CAI,22.745,8.46448,4980261.0,3597824.0,6429572608.0,1.3842425310409847,0.8844339622641509,0.8985849056603774,0.5259433962264151,0.47641509433962265,0.7768867924528301
CDE,20.7401,12.048086,47352806.0,35838845.0,21319475200.0,1.3212704259861052,0.964622641509434,0.8844339622641509,0.5825471698113207,0.1179245283018868,0.7754716981132075
BMNR,20.185,10.421218,57659600.0,35375800.0,12176123904.0,1.629916496588063,0.9363207547169812,0.9363207547169812,0.5400943396226415,0.11556603773584906,0.775
MRVL,235.7553,9.14597,35995249.0,41040109.0,211600850944.0,0.8770748878858972,0.8985849056603774,0.6344339622641509,0.9528301886792453,0.46462264150943394,0.7735849056603774
ILMN,203.41,8.030171,1490277.0,1932083.0,30714910720.0,0.7713317699084357,0.8726415094339622,0.5589622641509434,0.9245283018867925,0.8608490566037735,0.7720518867924528
TEAM,174.14,6.834356,4730730.0,4969627.0,44081594368.0,0.9519285853847784,0.7830188679245284,0.7028301886792453,0.8891509433962265,0.7382075471698113,0.7716981132075471
BLSH,26.89,9.2201395,1731635.0,1620925.0,4077824000.0,1.0683005074263152,0.9080188679245284,0.7759433962264151,0.589622641509434,0.6320754716981132,0.7705188679245284
PAAS,50.1705,7.6620245,4851058.0,4396472.0,20801591296.0,1.1033979063212502,0.8443396226415094,0.7900943396226415,0.6981132075471698,0.5683962264150944,0.7685141509433961
HIMS,30.9699,13.067669,16120368.0,16108606.0,7225693184.0,1.000730168706094,0.9740566037735849,0.7358490566037735,0.7004716981132075,0.28537735849056606,0.7670990566037735
