symbol,HotScore,TrendScore,regularMarketPrice,regularMarketChangePercent,VolumeSpike,averageDailyVolume3Month,MomentumScore,VolumeScore,VolatilityScore,marketCap
AAOI,0.8528089887640451,0.50187265917603,47.86,9.745471,0.6614462262900331,5355870.0,0.9737827715355806,0.8764044943820225,0.7752808988764045,3267875584.0
ACMR,0.7301498127340823,0.7078651685393258,60.45,4.00895,0.5847424864027418,1399363.0,0.6966292134831461,0.8426966292134831,0.602996254681648,3921781504.0
AMD,0.7370786516853933,0.4232209737827715,247.14,4.3974166,0.426799135050681,39513529.0,0.7715355805243446,0.6891385767790262,0.9176029962546816,402354208768.0
ARLP,0.7204119850187265,0.7827715355805244,24.7399,3.8618684,0.8459783523350376,329181.0,0.6629213483146067,0.9363295880149812,0.4119850187265917,3177296640.0
BELFB,0.7179775280898877,0.9887640449438202,209.49,4.125455,0.3555829528346891,161411.0,0.7303370786516854,0.5355805243445693,0.8801498127340824,2652261376.0
BRZE,0.6872659176029962,0.5280898876404494,22.095,6.1239176,0.4017841318320427,2087626.0,0.9250936329588016,0.6179775280898876,0.4719101123595505,2479401216.0
CALX,0.8097378277153559,0.7415730337078652,47.7,6.8309054,0.481154260814878,890440.0,0.951310861423221,0.7565543071161048,0.6891385767790262,3161387776.0
CAT,0.7350187265917604,0.9138576779026216,680.0,3.3968961,0.4555480707847502,2496922.0,0.5617977528089888,0.7228464419475655,0.9700374531835206,318565646336.0
CIEN,0.7837078651685393,0.8052434456928839,269.02,6.7687945,0.3456301816878081,2962114.0,0.947565543071161,0.5093632958801498,0.9662921348314608,37946859520.0
COHR,0.850749063670412,0.7265917602996255,225.355,6.2544203,0.4792408385352669,4649393.0,0.9325842696629212,0.7490636704119851,0.947565543071161,35415351296.0
CUK,0.7181647940074906,0.5655430711610487,31.42,5.436245,0.4477913645377906,2089616.0,0.8838951310861424,0.7153558052434457,0.5093632958801498,41545506816.0
DAVE,0.6986891385767791,0.9250936329588016,170.95,4.4352093,0.3225201268414328,519704.0,0.7752808988764045,0.4644194756554307,0.8614232209737828,2308522752.0
DOCN,0.7202247191011236,0.6404494382022472,58.7884,6.413974,0.3478220014877226,2415773.0,0.9363295880149812,0.5168539325842697,0.7378277153558053,5378676736.0
ENLT,0.8256554307116104,0.9850187265917604,58.06,4.480838,1.0294344018471908,48073.0,0.7827715355805244,0.9438202247191012,0.6142322097378277,7671694848.0
FN,0.6895131086142322,0.9737827715355806,505.85,3.4014053,0.3760724634489354,635686.0,0.5692883895131086,0.5767790262172284,0.9550561797752808,18123194368.0
GEV,0.7207865168539326,0.898876404494382,756.875,4.228351,0.3442594306567819,3256454.0,0.7415730337078652,0.49812734082397,0.9850187265917604,205355663360.0
GLW,0.8340823970037454,0.5805243445692884,109.26,5.75937,0.5817376185467777,6725826.0,0.898876404494382,0.8389513108614233,0.8389513108614233,93675200512.0
GME,0.800374531835206,0.3558052434456928,25.42,6.2486978,1.3352232069847043,6970660.0,0.9288389513108616,0.9737827715355806,0.4943820224719101,11388400640.0
KALU,0.7676029962546815,0.9662921348314608,128.5111,4.8043466,0.3965356202768107,176655.0,0.8277153558052435,0.6142322097378277,0.8314606741573034,2082683520.0
KNX,0.7550561797752807,0.5917602996254682,57.335,4.0562625,0.8560633092392659,3049160.0,0.7078651685393258,0.9400749063670412,0.5955056179775281,9307706368.0
LITE,0.9084269662921348,0.8202247191011236,439.64,12.198862,0.5473643301739188,4667637.0,0.9887640449438202,0.8052434456928839,0.99250936329588,31176013824.0
LVS,0.745505617977528,0.5131086142322098,55.26,4.8079658,0.5231763447700536,5866542.0,0.8314606741573034,0.7902621722846442,0.6329588014981273,37933424640.0
MAZE,0.7973782771535579,0.8389513108614233,46.21,6.034872,0.4878725986031605,431832.0,0.906367041198502,0.7640449438202247,0.6441947565543071,2223599360.0
MOD,0.8790262172284644,0.8651685393258427,195.4225,5.685197,0.5865420888379129,1312165.0,0.8913857677902621,0.846441947565543,0.9213483146067416,10288714752.0
MT,0.7301498127340824,0.6966292134831461,55.995,3.7713118,0.7805175635859378,1410532.0,0.6479400749063671,0.9138576779026216,0.5692883895131086,42589794304.0
MTSI,0.8964419475655432,0.8876404494382022,234.04,6.838307,0.5476487578212833,1230137.0,0.9550561797752808,0.8089887640449438,0.951310861423221,17555548160.0
MU,0.7794007490636703,0.5543071161048689,431.685,4.050567,0.5570415479561035,30589808.0,0.704119850187266,0.8164794007490637,0.9588014981273408,485865455616.0
NOW,0.7044943820224719,0.5318352059925093,121.1256,3.663487,0.5300798565987004,11157500.0,0.6217228464419475,0.7940074906367042,0.7790262172284644,127804825600.0
ODFL,0.7808988764044944,0.8014981273408239,181.115,4.5698667,0.4379877439444281,2156485.0,0.8052434456928839,0.700374531835206,0.8689138576779026,38064603136.0
OLED,0.7769662921348315,0.8913857677902621,119.05,3.68403,0.7132837098101721,612344.0,0.6254681647940075,0.898876404494382,0.7715355805243446,5659904512.0
POWL,0.7814606741573032,0.99625468164794,468.085,5.52199,0.3443162048627318,235670.0,0.8876404494382022,0.50187265917603,0.9775280898876404,5682778112.0
RGC,0.7713483146067415,0.7565543071161048,27.77,11.124453,0.4032913225166433,479321.0,0.9850187265917604,0.6217228464419475,0.6666666666666666,13731956736.0
RKT,0.6921348314606741,0.1610486891385767,19.025,6.118921,0.4951340639676573,29808345.0,0.9176029962546816,0.7677902621722846,0.4307116104868914,53572304896.0
RMBS,0.9121722846441946,0.7752808988764045,123.045,8.094691,0.7443463257448286,1776986.0,0.9625468164794008,0.906367041198502,0.902621722846442,13245810688.0
ROAD,0.7176029962546817,0.906367041198502,114.995,4.655083,0.3505921986566943,471970.0,0.8127340823970037,0.5205992509363296,0.8014981273408239,6500279808.0
SAIA,0.945880149812734,0.9700374531835206,357.52,6.7638173,0.8016827102694002,468411.0,0.9438202247191012,0.9250936329588016,0.9737827715355806,9525276672.0
SANM,0.7458801498127341,0.8838951310861424,150.315,6.0947275,0.322233486121563,803945.0,0.9101123595505618,0.4569288389513108,0.8951310861423221,8208811520.0
SATS,0.751123595505618,0.6254681647940075,118.98,5.086544,0.4059096167540804,5531357.0,0.8651685393258427,0.6292134831460674,0.8277153558052435,34251526144.0
SMTC,0.8301498127340823,0.7490636704119851,87.68,9.943574,0.4266839155673418,1594691.0,0.9775280898876404,0.6816479400749064,0.8726591760299626,8113912320.0
SNDK,0.954494382022472,0.7153558052434457,650.1201,12.819109,1.104143065487594,13957636.0,0.99625468164794,0.9550561797752808,1.0,96217776128.0
STX,0.8310861423220974,0.8277153558052435,424.5,4.1232305,0.6082648053074206,4256531.0,0.7265917602996255,0.8614232209737828,0.9625468164794008,92486680576.0
TCGL,0.9677902621722844,0.8689138576779026,172.84,67.25372,1.0528276198065571,1059124.0,1.0,0.947565543071161,0.99625468164794,3531553280.0
TER,0.8524344569288389,0.797752808988764,252.77,4.8620625,0.5597934278477682,3040100.0,0.846441947565543,0.8239700374531835,0.9400749063670412,40209018880.0
TWST,0.8917602996254681,0.6666666666666666,46.19,12.466517,0.7167026037343965,1438626.0,0.99250936329588,0.902621722846442,0.8089887640449438,2830230016.0
U,0.7462546816479401,0.3220973782771535,30.4109,4.5407357,1.157281593709039,9778347.0,0.8014981273408239,0.9625468164794008,0.4831460674157303,13013214208.0
USAR,0.8372659176029963,0.2696629213483146,24.78,10.516984,1.6135002360657524,15192801.0,0.9812734082397004,0.9850187265917604,0.6104868913857678,5400329216.0
UWMC,0.6925093632958801,0.0898876404494382,5.255,6.484299,0.7528196233364383,13542855.0,0.9400749063670412,0.9101123595505618,0.1797752808988764,8478932992.0
VICR,0.6895131086142321,0.9400749063670412,164.45,4.30012,0.3223308293102787,469378.0,0.7528089887640449,0.4606741573033708,0.8539325842696629,7386972672.0
WDC,0.7926966292134832,0.6591760299625468,260.23,3.9963295,0.6088869776656349,8869247.0,0.6891385767790262,0.8651685393258427,0.9138576779026216,88227840000.0
XPO,0.8056179775280898,0.846441947565543,156.74,5.7905455,0.4170381241056448,1312398.0,0.902621722846442,0.6479400749063671,0.8913857677902621,18458030080.0
AAOI,0.8663690476190475,0.5029761904761905,47.99,10.0435705,0.8265745807870617,5355870.0,0.9940476190476192,0.8869047619047619,0.7886904761904762,3276751872.0
ACMR,0.7955357142857142,0.7261904761904762,60.825,4.654167,0.8192184586844157,1399363.0,0.8035714285714286,0.8809523809523809,0.6666666666666666,3946110208.0
AMD,0.7333333333333333,0.431547619047619,248.145,4.822462,0.5053313258858757,39513529.0,0.8184523809523809,0.6160714285714286,0.9404761904761904,403990380544.0
BELFB,0.7708333333333333,0.9851190476190476,212.41,5.5768185,0.4389229978130363,161411.0,0.9047619047619048,0.4821428571428571,0.9345238095238096,2689230336.0
BKD,0.746875,0.369047619047619,16.06,7.0666633,0.7161217416278964,4045847.0,0.9583333333333334,0.8184523809523809,0.4404761904761904,3817210112.0
CALX,0.841220238095238,0.7529761904761905,47.8,7.0548654,0.7324805714029019,890440.0,0.9553571428571428,0.8333333333333334,0.6994047619047619,3168015360.0
CAT,0.7430059523809524,0.9136904761904762,680.74,3.509415,0.5817530543605287,2496922.0,0.5803571428571429,0.7202380952380952,0.9821428571428572,318912331776.0
CCL,0.7605654761904761,0.2589285714285714,32.205,7.2784853,0.6579578874975263,20414840.0,0.9672619047619048,0.7797619047619048,0.6160714285714286,44517523456.0
CHTR,0.7943452380952382,0.8452380952380952,215.375,4.4899964,0.5910144082096703,1947362.0,0.7857142857142857,0.7321428571428571,0.8928571428571429,27871543296.0
CIEN,0.7686011904761905,0.8244047619047619,267.705,6.246896,0.4408557536948274,2962114.0,0.9196428571428572,0.4880952380952381,0.9672619047619048,37761368064.0
CLS,0.7791666666666667,0.8333333333333334,291.49,3.6556306,0.7536038119118821,2919270.0,0.625,0.8392857142857143,0.9166666666666666,33625669632.0
COHR,0.8361607142857143,0.7410714285714286,225.3,6.2251163,0.5739615902548999,4649393.0,0.9136904761904762,0.7142857142857143,0.9613095238095238,35406708736.0
CUK,0.7962797619047619,0.5714285714285714,31.8701,6.9466467,0.7037470042342708,2089616.0,0.9523809523809524,0.8125,0.6071428571428571,42140659712.0
ENLT,0.8784226190476189,0.9821428571428572,58.59,5.430679,1.1374992199363467,48073.0,0.8839285714285714,0.9523809523809524,0.6875,7741725696.0
ENVA,0.7288690476190476,0.9583333333333334,170.39,3.154139,0.7916896441632322,275632.0,0.4702380952380952,0.8690476190476191,0.8214285714285714,4212857856.0
ESTA,0.7258928571428571,0.8541666666666666,72.9675,7.068961,0.3979689417811589,538537.0,0.9613095238095238,0.4077380952380952,0.8065476190476191,2120279936.0
FN,0.8127976190476189,0.9732142857142856,510.985,4.4510527,0.5707456196927414,635686.0,0.7797619047619048,0.7083333333333334,0.9732142857142856,18307166208.0
GLW,0.8769345238095239,0.5892857142857143,110.46,6.920919,0.8821946925180639,6725826.0,0.9464285714285714,0.8958333333333334,0.8660714285714286,94704025600.0
GME,0.8107142857142857,0.3601190476190476,25.51,6.6248736,1.6646413682492045,6970660.0,0.9345238095238096,0.9761904761904762,0.5297619047619048,11428721664.0
KALU,0.8181547619047619,0.9642857142857144,129.87,5.9125695,0.5300953836574114,176655.0,0.9077380952380952,0.6577380952380952,0.8690476190476191,2104706304.0
KNX,0.7907738095238095,0.5952380952380952,57.6,4.5376167,1.0279381862545751,3049160.0,0.7916666666666666,0.9285714285714286,0.6458333333333334,9350726656.0
LASR,0.7764880952380953,0.7767857142857143,48.77,6.928305,0.5231005775144378,773314.0,0.949404761904762,0.6458333333333334,0.7023809523809523,2476833536.0
LITE,0.9092261904761904,0.8273809523809523,439.9,12.26521,0.6788274238120916,4667637.0,0.9970238095238096,0.7946428571428571,0.9970238095238096,31194447872.0
LTM,0.8550595238095239,0.8095238095238095,69.15,5.1247005,1.1880361905294765,857904.0,0.8482142857142857,0.9553571428571428,0.7142857142857143,21154414592.0
LVS,0.7412202380952381,0.5089285714285714,55.32,4.9217663,0.6381554926224,5866542.0,0.8303571428571429,0.7678571428571429,0.6547619047619048,37974614016.0
MAZE,0.7635416666666667,0.8422619047619048,45.475,4.348317,0.774254802793679,431832.0,0.7648809523809523,0.8511904761904762,0.5684523809523809,2188231680.0
MOD,0.9047619047619048,0.8660714285714286,197.52,6.819534,0.7751852853871274,1312165.0,0.9375,0.8541666666666666,0.9553571428571428,10399144960.0
MT,0.7927083333333332,0.7172619047619048,56.31,4.355082,1.0334129250523916,1410532.0,0.7678571428571429,0.9315476190476192,0.6309523809523809,42829385728.0
MTSI,0.8287202380952381,0.8779761904761905,229.13,4.5969176,0.6954493686475571,1230137.0,0.7976190476190477,0.8005952380952381,0.9077380952380952,17187246080.0
MU,0.7705357142857143,0.5595238095238095,437.6,5.476282,0.4921368581326172,30589808.0,0.8928571428571429,0.5892857142857143,0.9791666666666666,492522864640.0
ODFL,0.8299107142857143,0.8184523809523809,182.69,5.479218,0.5879980616605263,2156485.0,0.8958333333333334,0.7261904761904762,0.9017857142857144,38395617280.0
OLED,0.7706845238095238,0.8839285714285714,119.045,3.6796713,0.8146385038475106,612344.0,0.6339285714285714,0.875,0.7708333333333334,5659666432.0
R,0.7303571428571428,0.9523809523809524,199.81,4.4741735,0.4628773831325024,348386.0,0.7827380952380952,0.5267857142857143,0.8839285714285714,8150376960.0
RGC,0.7308035714285714,0.7648809523809523,27.1148,8.502601,0.4656295050707146,479321.0,0.9821428571428572,0.5386904761904762,0.6101190476190477,13407967232.0
RMBS,0.9354166666666668,0.7886904761904762,124.975,9.790913,0.9895063889079598,1776986.0,0.9910714285714286,0.925595238095238,0.9285714285714286,13453575168.0
SAIA,0.9688988095238094,0.9672619047619048,363.0,8.400276,1.1158597897999831,468411.0,0.9791666666666666,0.9464285714285714,0.9910714285714286,9671278592.0
SANM,0.7949404761904761,0.8809523809523809,151.97,7.262852,0.463430956097743,803945.0,0.9642857142857144,0.5297619047619048,0.9196428571428572,8299192320.0
SATS,0.7736607142857144,0.6279761904761905,120.495,6.4255443,0.5024316817735685,5531357.0,0.9226190476190476,0.6101190476190477,0.8720238095238095,34687655936.0
SMTC,0.8401785714285714,0.7559523809523809,87.23,9.379315,0.5638107946931412,1594691.0,0.988095238095238,0.6964285714285714,0.875,8072269312.0
SNDK,0.9602678571428572,0.7380952380952381,669.075,16.108461,1.322576688487936,13957636.0,1.0,0.9613095238095238,1.0,99023101952.0
STX,0.8976190476190475,0.8363095238095238,430.315,5.5495596,0.7870791966509818,4256531.0,0.9017857142857144,0.8660714285714286,0.9761904761904762,93753614336.0
TBBK,0.7334821428571429,0.8392857142857143,62.5,5.1489167,0.4996055100121394,607113.0,0.8571428571428571,0.6041666666666666,0.6904761904761905,2879086592.0
TER,0.7956845238095239,0.8154761904761905,250.33,3.8498232,0.7698615177132331,3040100.0,0.6815476190476191,0.8452380952380952,0.8988095238095238,39820877824.0
TEX,0.7741071428571429,0.7321428571428571,59.31,3.979664,1.0677904237581854,1249321.0,0.7113095238095238,0.9375,0.6190476190476191,3890114048.0
TSM,0.725,0.6577380952380952,342.88,3.7458978,0.5498127609158726,12589786.0,0.6547619047619048,0.6845238095238095,0.9523809523809524,1778348720128.0
TTWO,0.7285714285714286,0.8571428571428571,226.915,3.0027192,1.0784625751979144,1670924.0,0.4047619047619047,0.9404761904761904,0.8601190476190477,41929089024.0
TWST,0.8744047619047619,0.6726190476190477,44.58,8.54639,0.9183081634837684,1438626.0,0.9851190476190476,0.9077380952380952,0.7232142857142857,2731579392.0
VIAV,0.7282738095238095,0.4345238095238095,25.805,5.498779,0.6484410695599829,4094955.0,0.8988095238095238,0.7738095238095238,0.4970238095238095,5971001856.0
WDC,0.8961309523809523,0.6666666666666666,267.42,6.8696866,0.8031628840644532,8869247.0,0.9434523809523808,0.8720238095238095,0.9702380952380952,90665525248.0
XPO,0.8200892857142857,0.8482142857142857,157.33,6.1820908,0.5483687113208036,1312398.0,0.9107142857142856,0.6815476190476191,0.8898809523809523,18527508480.0
AAOI,0.8496259351620947,0.456359102244389,48.12,10.3416605,0.9132721668001652,5355870.0,0.9875311720698254,0.8678304239401496,0.773067331670823,3285628160.0
ACMR,0.7593516209476309,0.6932668329177057,60.62,4.3014455,0.9563665753632188,1399363.0,0.7281795511221946,0.8827930174563591,0.6309226932668329,3932810496.0
BELFA,0.7630922693266832,1.0,194.0,5.5782313,0.5182291018589951,40183.0,0.8827930174563591,0.4887780548628428,0.9152119700748128,2715043072.0
BELFB,0.7490024937655859,0.9825436408977556,212.15,5.4475827,0.499699524815533,161411.0,0.8678304239401496,0.4613466334164589,0.9276807980049876,2685938432.0
BKD,0.7683291770573565,0.3316708229426434,16.1945,7.963333,0.9774974189582551,4045847.0,0.9675810473815462,0.8877805486284289,0.428927680798005,3849178624.0
CALX,0.8432668329177057,0.7206982543640897,47.82,7.0501375,0.8783073536678496,890440.0,0.9501246882793016,0.8528678304239401,0.7007481296758105,3169340928.0
CAT,0.7955112219451372,0.912718204488778,684.83,4.1788416,0.7031797549142504,2496922.0,0.7107231920199502,0.7356608478802993,0.9900249376558604,320828407808.0
CIEN,0.7536159600997506,0.7880299251870324,268.41,6.5922747,0.4835313563218701,2962114.0,0.9301745635910224,0.4463840399002494,0.9650872817955112,37860814848.0
CLS,0.8092269326683291,0.800498753117207,292.676,4.158869,0.8622504941303819,2919270.0,0.7007481296758105,0.8453865336658354,0.940149625935162,33762484224.0
COHR,0.8273067331670823,0.7057356608478803,226.64,6.814972,0.6400358068246759,4649393.0,0.940149625935162,0.6733167082294265,0.9600997506234414,35617296384.0
CUK,0.7861596009975063,0.5336658354114713,31.79,6.713662,0.8134685990153214,2089616.0,0.9351620947630924,0.8329177057356608,0.5698254364089775,42034745344.0
DAVE,0.7884039900249377,0.9276807980049876,174.575,6.6345625,0.5403883749211089,519704.0,0.9326683291770572,0.5261845386533666,0.9251870324189526,2357475072.0
DOCN,0.785286783042394,0.6184538653366584,59.5925,7.8597264,0.6339709898239612,2415773.0,0.9650872817955112,0.6658354114713217,0.7630922693266833,5452245504.0
DY,0.8791770573566084,0.972568578553616,386.3,6.0127807,0.7342096133477618,435249.0,0.8977556109725686,0.7805486284289277,0.972568578553616,11576298496.0
ENLT,0.8915211970074812,0.9800498753117208,58.96,6.100413,1.4202358912487258,48073.0,0.9027431421446384,0.9526184538653366,0.7206982543640897,7790615040.0
ENVA,0.850498753117207,0.9600997506234414,172.0,4.1351347,1.50859479305741,275632.0,0.6982543640897756,0.9600997506234414,0.8703241895261845,4252664832.0
FN,0.8104738154613466,0.970074812967581,511.53,4.514889,0.6816006644790038,635686.0,0.7630922693266833,0.7182044887780549,0.9750623441396508,18326691840.0
GLW,0.879800498753117,0.5536159600997507,110.55,7.070221,1.0167757833759006,6725826.0,0.9526184538653366,0.9027431421446384,0.8753117206982544,94781194240.0
GME,0.7945137157107232,0.3241895261845386,25.41,6.4070377,1.872877173753992,6970660.0,0.9201995012468828,0.9750623441396508,0.4937655860349127,11383920640.0
IESC,0.8113466334164587,0.9950124688279302,396.395,4.234921,0.7269260747047185,166790.0,0.7206982543640897,0.7630922693266833,0.9625935162094764,7899359232.0
IHG,0.7537406483790524,0.9650872817955112,141.9,3.395503,1.0100946338488532,186931.0,0.5286783042394015,0.9002493765586035,0.7855361596009975,21353689088.0
KALU,0.8640897755610972,0.9625935162094764,131.75,7.445765,0.6876906965554329,176655.0,0.9576059850374063,0.7231920199501247,0.8977556109725686,2135174144.0
KNX,0.8325436408977557,0.5685785536159601,58.165,5.562618,1.2155357541093286,3049160.0,0.8802992518703242,0.942643391521197,0.6882793017456359,9442448384.0
LASR,0.7518703241895262,0.7456359102244389,48.44,6.2047753,0.6126153153828846,773314.0,0.9102244389027432,0.6359102244389028,0.6807980049875312,2460074240.0
LITE,0.9061097256857856,0.7955112219451371,434.7,10.938142,0.7762482386698023,4667637.0,0.9900249376558604,0.8029925187032418,0.9950124688279302,30825705472.0
LRN,0.8011221945137156,0.7306733167082294,89.295,5.549645,0.7224889197263373,1579609.0,0.8753117206982544,0.7531172069825436,0.7905236907730673,3916356096.0
LSTR,0.7588528678304239,0.9351620947630924,157.21,5.255762,0.559853223584807,449391.0,0.8428927680798005,0.5536159600997507,0.8827930174563591,5354372608.0
LTM,0.8002493765586034,0.773067331670823,68.59,4.2242804,1.515228976668718,857904.0,0.7182044887780549,0.9625935162094764,0.6733167082294265,20983097344.0
MAZE,0.8290523690773068,0.8079800498753117,46.02,5.598895,1.0018687823042294,431832.0,0.885286783042394,0.8977556109725686,0.6209476309226932,2214456832.0
MOD,0.9046134663341644,0.8453865336658354,196.385,6.3495016,0.9581157857434088,1312165.0,0.917705735660848,0.885286783042394,0.945137157107232,10339388416.0
MOG-A,0.7895261845386533,0.9875311720698254,318.83,4.4146,0.6519496595832474,193880.0,0.7356608478802993,0.6907730673316709,0.9576059850374063,10672934912.0
MT,0.7783042394014963,0.685785536159601,56.3601,4.428569,1.1137911086029952,1410532.0,0.743142144638404,0.9326683291770572,0.6159600997506235,42867490816.0
MTSI,0.8485037406483791,0.8703241895261845,229.8,4.892718,0.8153693450404305,1230137.0,0.8129675810473815,0.8354114713216958,0.9226932668329176,17237501952.0
MU,0.8466334164588529,0.5261845386533666,440.97,6.288564,0.7626241720771834,30589808.0,0.912718204488778,0.7930174563591023,0.9850374064837906,496315826176.0
ODFL,0.8295511221945137,0.7780548628428927,182.575,5.4128175,0.7293183119752745,2156485.0,0.8653366583541147,0.7680798004987531,0.9002493765586035,38371446784.0
PCVX,0.7607231920199501,0.6882793017456359,56.33,5.1521416,0.7235438023561338,1391432.0,0.8354114713216958,0.7581047381546134,0.6708229426433915,7373949952.0
R,0.7491271820448877,0.9526184538653366,199.98,4.5483046,0.582466000355927,348386.0,0.773067331670823,0.5835411471321695,0.8952618453865336,8157310976.0
RMBS,0.944139650872818,0.7581047381546134,126.525,11.1525955,1.2140782200872713,1776986.0,0.9950124688279302,0.940149625935162,0.9551122194513716,13620433920.0
SAIA,0.9609725685785536,0.9675810473815462,360.72,7.719415,1.269921073587085,468411.0,0.9625935162094764,0.945137157107232,0.9825436408977556,9610532864.0
SANM,0.8224438902743142,0.8753117206982544,153.4,8.272164,0.5888338132583697,803945.0,0.970074812967581,0.5910224438902744,0.942643391521197,8377285120.0
SMTC,0.8625935162094762,0.7256857855361596,87.14,9.266457,0.7298793308546923,1594691.0,0.9825436408977556,0.773067331670823,0.8778054862842892,8063940608.0
SNDK,0.9534912718204488,0.7007481296758105,670.085,16.283735,1.4467588207630575,13957636.0,0.9975062344139652,0.9551122194513716,1.0,99172581376.0
STX,0.8890274314214464,0.8029925187032418,431.9642,5.9529757,0.8921762815776509,4256531.0,0.8927680798004988,0.85785536159601,0.9800498753117208,94112923648.0
TBBK,0.769576059850374,0.8054862842892768,62.545,5.223754,0.6979326748068316,607113.0,0.8403990024937655,0.7306733167082294,0.6957605985037406,2881159424.0
TCGL,0.9559850374064838,0.8528678304239401,172.84,67.25372,1.0528276198065571,1059124.0,1.0,0.917705735660848,0.9975062344139652,3531553280.0
TER,0.7614713216957606,0.7755610972568578,249.6,3.5469832,0.8962162428867472,3040100.0,0.5835411471321695,0.8603491271820449,0.8927680798004988,39704756224.0
TEX,0.8096009975062344,0.6982543640897756,59.66,4.6666665,1.385419760013639,1249321.0,0.7955112219451371,0.9476309226932668,0.6483790523690773,3913070336.0
TWST,0.8839152119700747,0.6458852867830424,45.58,10.9812565,1.017476397618283,1438626.0,0.9925187032418952,0.9052369077306732,0.7755610972568578,2792853248.0
WDC,0.9115960099750624,0.6384039900249376,272.08,8.731963,0.9829004649436418,8869247.0,0.9750623441396508,0.8927680798004988,0.970074812967581,92245434368.0
XPO,0.8470074812967581,0.8204488778054863,157.73,6.495169,0.7057691340584182,1312398.0,0.9276807980049876,0.7406483790523691,0.9052369077306732,18574612480.0
ACMR,0.8090413943355118,0.738562091503268,61.12,5.161734,1.6869561364706656,1399363.0,0.8453159041394336,0.8474945533769063,0.7135076252723311,3965248768.0
ARCB,0.9309368191721132,0.9019607843137256,99.75,10.5630665,1.8229117651723827,378286.0,0.9934640522875816,0.8845315904139434,0.9172113289760347,2245474560.0
BELFA,0.7668845315904139,1.0,198.11,7.814966,0.9610282955478684,40183.0,0.9651416122004356,0.3899782135076253,0.9629629629629628,2772562944.0
BELFB,0.783115468409586,0.982570806100218,215.59,7.15741,1.0585709771948628,161411.0,0.9477124183006536,0.457516339869281,0.9651416122004356,2729490688.0
BMI,0.7909586056644882,0.9455337690631808,151.83,3.58166,1.8911684773753736,306878.0,0.6122004357298475,0.9019607843137256,0.8322440087145969,4474397184.0
CALX,0.8210239651416122,0.7625272331154684,47.32,5.9324,1.676504873994879,890440.0,0.8932461873638344,0.8431372549019608,0.6851851851851852,3136202752.0
CAT,0.8891067538126362,0.906318082788671,690.91,5.10375,1.7575971536155317,2496922.0,0.840958605664488,0.8714596949891068,0.9956427015250544,323676766208.0
CPA,0.7588235294117646,0.9389978213507624,141.42,3.68036,1.5330035574681966,301619.0,0.6296296296296297,0.7995642701525054,0.8235294117647058,5817748480.0
CUK,0.8070806100217864,0.5816993464052288,32.15,7.92212,1.5227548985076684,2089616.0,0.9694989106753812,0.7930283224400871,0.6601307189542484,42510761984.0
DAVE,0.7923747276688453,0.9172113289760347,174.73,6.744452,1.144139741083386,519704.0,0.9368191721132898,0.5272331154684096,0.9411764705882352,2359568128.0
DOCN,0.8785403050108931,0.6579520697167756,59.81,8.2534,1.8199599051732096,2415773.0,0.9803921568627452,0.8823529411764706,0.803921568627451,5472145408.0
DY,0.8913943355119824,0.9651416122004356,383.58,5.26633,1.741628355263309,435249.0,0.8474945533769063,0.8671023965141612,0.9738562091503268,11494787072.0
ENLT,0.8874727668845315,0.9782135076252724,58.95,6.0824203,2.2431718428223744,48073.0,0.8976034858387799,0.9389978213507624,0.7342047930283224,7789293568.0
ENVA,0.8729847494553378,0.9520697167755992,172.37,4.35914,3.2321900214779125,275632.0,0.7363834422657952,0.9803921568627452,0.8845315904139434,4261812992.0
GLW,0.8525054466230937,0.599128540305011,110.36,6.8862,1.5847983578522549,6725826.0,0.943355119825708,0.8169934640522876,0.8823529411764706,94618296320.0
GME,0.8449891067538127,0.3529411764705882,25.85,8.24959,3.488106004309492,6970660.0,0.9782135076252724,0.989106753812636,0.6056644880174292,11581044736.0
IBN,0.7599128540305011,0.3986928104575163,30.75,4.98463,2.042140498953496,5943119.0,0.8322440087145969,0.9193899782135077,0.5348583877995643,110864211968.0
IESC,0.8965141612200436,0.9956427015250544,401.22,5.5036926,1.6980874153126686,166790.0,0.8671023965141612,0.8496732026143791,0.9803921568627452,7995512320.0
IHS,0.7606753812636166,0.4880174291938998,8.73,9.26157,1.6607554299861993,1012986.0,0.982570806100218,0.840958605664488,0.3681917211328976,2929100032.0
KALU,0.8996732026143791,0.954248366013072,131.87,7.5436244,1.604505957940619,176655.0,0.9586056644880174,0.8213507625272332,0.906318082788671,2137118720.0
KNX,0.8782135076252724,0.616557734204793,59.16,7.36842,2.167153248763594,3049160.0,0.954248366013072,0.9324618736383442,0.7810457516339869,9603976192.0
LITE,0.8312636165577342,0.8169934640522876,423.42,8.059417,1.2338733710440637,4667637.0,0.9738562091503268,0.6013071895424836,0.9912854030501088,30025809920.0
LSTR,0.8525054466230937,0.9281045751633988,158.7,6.2533455,1.412798654178655,449391.0,0.9193899782135077,0.7320261437908496,0.9084967320261438,5405120000.0
LTM,0.7908496732026143,0.803921568627451,68.46,4.02675,2.4069103302933663,857904.0,0.6840958605664488,0.954248366013072,0.6851851851851852,20943329280.0
LVS,0.7582788671023964,0.514161220043573,55.64,5.51868,1.4328860170096795,5866542.0,0.869281045751634,0.7494553376906318,0.7015250544662309,38194278400.0
MAZE,0.8517429193899783,0.8300653594771242,46.53,6.7691526,1.7020994275551604,431832.0,0.9411764705882352,0.8518518518518519,0.7058823529411765,2238997760.0
MOD,0.9113289760348584,0.8583877995642701,196.07,6.17893,1.9911245918005736,1312165.0,0.9041394335511984,0.9128540305010894,0.9477124183006536,10322804736.0
MOG-A,0.7860566448801742,0.9847494553376906,315.91,3.45833,1.6591809366618526,193880.0,0.5904139433551199,0.8387799564270153,0.9368191721132898,10575186944.0
MT,0.7663398692810457,0.7298474945533769,56.51,4.70631,1.5179123905023069,1410532.0,0.803921568627451,0.7886710239651417,0.6797385620915033,42981502976.0
MTSI,0.7980392156862745,0.8736383442265795,228.56,4.3367114,1.4879993041425468,1230137.0,0.7320261437908496,0.775599128540305,0.915032679738562,17144487936.0
MU,0.760239651416122,0.5664488017429193,437.8,5.5244846,1.200481970988507,30589808.0,0.8714596949891068,0.5773420479302832,0.982570806100218,492747948032.0
ODFL,0.9064270152505448,0.8104575163398693,186.13,7.4653625,1.708582716782171,2156485.0,0.9564270152505446,0.8540305010893247,0.9586056644880174,39118598144.0
PCVX,0.8892156862745099,0.7363834422657952,57.4,7.149527,2.3207910986666973,1391432.0,0.9455337690631808,0.9477124183006536,0.7647058823529411,7514019840.0
R,0.8596949891067539,0.9477124183006536,203.08,6.16897,1.42121956680234,348386.0,0.8997821350762527,0.7429193899782135,0.9498910675381264,8283762688.0
RRX,0.8908496732026143,0.8867102396514162,170.12,5.33746,2.079062667092321,761181.0,0.8518518518518519,0.925925925925926,0.8997821350762527,11294211072.0
SAIA,0.9671023965141612,0.9586056644880174,367.75,9.818737,2.178616642222322,468411.0,0.9869281045751634,0.934640522875817,0.9934640522875816,9797830656.0
SANM,0.8169934640522876,0.8758169934640523,150.47,6.2041283,1.317846370087506,803945.0,0.9084967320261438,0.6601307189542484,0.9019607843137256,8217276416.0
SAP,0.7703703703703704,0.8387799564270153,207.23,3.07899,3.4584277921732927,1776788.0,0.4814814814814814,0.9869281045751634,0.8627450980392157,241794793472.0
SMTC,0.874074074074074,0.7668845315904139,87.76,10.04389,1.4922702893538622,1594691.0,0.989106753812636,0.7799564270152506,0.8910675381263616,8121315328.0
SNDK,0.9455337690631808,0.7450980392156863,665.24,15.442948,2.0120628593552663,13957636.0,1.0,0.9172113289760347,1.0,98455519232.0
SNDR,0.8212418300653594,0.6753812636165577,28.58,6.48286,1.8574627577953493,953421.0,0.9302832244008714,0.8932461873638344,0.5773420479302832,5010062336.0
STX,0.8546840958605665,0.8235294117647058,432.95,6.1958866,1.419297545348548,4256531.0,0.906318082788671,0.7363834422657952,0.9869281045751634,94327709696.0
TBBK,0.8622004357298475,0.8257080610021786,62.765,5.593878,2.187187558164625,607113.0,0.8736383442265795,0.9368191721132898,0.7298474945533769,2891293696.0
TER,0.7934640522875817,0.8061002178649237,249.53,3.5179405,2.064710042432815,3040100.0,0.6013071895424836,0.9237472766884532,0.8954248366013072,39693619200.0
TFII,0.8110021786492375,0.9302832244008714,112.27,4.38865,1.6813843610503354,306683.0,0.7429193899782135,0.8453159041394336,0.8104575163398693,9301202944.0
TWST,0.90359477124183,0.6928104575163399,46.81,13.976142,1.8913456311786383,1438626.0,0.9978213507625272,0.9041394335511984,0.8431372549019608,2868219648.0
TXN,0.7806100217864924,0.673202614379085,225.01,4.388769,1.486966848742227,7522701.0,0.7450980392156863,0.7712418300653595,0.9128540305010894,204449267712.0
VC,0.8518518518518516,0.8910675381263616,95.73,5.3598976,1.7284318280675393,404624.0,0.8540305010893247,0.8583877995642701,0.8169934640522876,2612081408.0
WDC,0.9102396514161218,0.6797385620915033,270.23,7.992653,1.789755996196746,8869247.0,0.971677559912854,0.8758169934640523,0.9782135076252724,91618222080.0
XPO,0.9424836601307188,0.840958605664488,163.06,10.0938,1.9163615000937213,1312398.0,0.9912854030501088,0.9084967320261438,0.9673202614379084,19202283520.0
AES,0.6955621301775148,0.2366863905325443,15.63,6.109984,0.390514842579964,8134098.0,0.834319526627219,0.8994082840236687,0.3254437869822485,11130450944.0
ALM,0.6523668639053255,0.3254437869822485,12.26,8.02823,0.1911663679328138,3262101.0,0.9526627218934912,0.6272189349112426,0.3343195266272189,3144553728.0
ATI,0.877810650887574,0.834319526627219,129.38,6.2484684,0.452488952980615,1382047.0,0.8520710059171598,0.9171597633136096,0.8757396449704142,17832720384.0
AU,0.6215976331360947,0.6923076923076923,98.96,4.3331585,0.1579276665793915,2872144.0,0.6094674556213018,0.5325443786982249,0.7633136094674556,49963745280.0
BALL,0.7144970414201183,0.6035502958579881,60.4,6.5443697,0.1776874363903652,2652900.0,0.8698224852071006,0.5798816568047337,0.7337278106508875,16437793792.0
BE,0.823076923076923,0.4852071005917159,170.36,9.114196,0.2153414303800929,13310532.0,0.9585798816568049,0.7100591715976331,0.9526627218934912,40291971072.0
BFH,0.6573964497041419,0.8284023668639053,76.855,5.208761,0.1336426093692116,831404.0,0.7751479289940828,0.4437869822485207,0.7396449704142012,3504588032.0
CEF,0.7653846153846153,0.6449704142011834,51.37,7.0208306,0.213694922527377,1789729.0,0.9112426035502958,0.6923076923076923,0.6982248520710059,9949288448.0
CENX,0.7644970414201184,0.5976331360946746,50.67,7.033379,0.2148389756056736,2234413.0,0.9171597633136096,0.7041420118343196,0.6863905325443787,4729637376.0
CRS,0.6585798816568047,0.9526627218934912,321.76,3.3501506,0.2231066861377625,879252.0,0.3609467455621302,0.727810650887574,0.9112426035502958,16029705216.0
DVA,0.9674556213017752,0.863905325443787,135.095,21.499235,1.0913853342810698,931342.0,1.0,0.9526627218934912,0.9881656804733728,9659292672.0
EGO,0.7612426035502957,0.5857988165680473,41.48,6.0327215,0.2929604600028069,1881032.0,0.8284023668639053,0.834319526627219,0.6035502958579881,8375234048.0
ENLT,0.8026627218934911,0.9940828402366864,61.73,4.715859,0.6437142627043569,49668.0,0.6982248520710059,0.9289940828402368,0.6686390532544378,8156625920.0
ERO,0.7928994082840236,0.6153846153846154,36.835,7.736182,0.2507122488381348,1520185.0,0.9467455621301776,0.7810650887573964,0.6331360946745562,3836518656.0
FCX,0.673076923076923,0.3076923076923077,63.755,4.9284234,0.2167979600887836,18347073.0,0.727810650887574,0.7218934911242604,0.6745562130177515,91547754496.0
FDX,0.8295857988165681,0.8757396449704142,352.61,5.1625404,0.2699279083809973,1767057.0,0.7692307692307693,0.7928994082840237,0.9763313609467456,83200253952.0
FLOC,0.8168639053254438,0.8106508875739645,22.67,7.1361074,0.3996836221745702,284470.0,0.9230769230769232,0.9053254437869822,0.4792899408284023,2141640192.0
FORM,0.7784023668639054,0.7988165680473372,76.13,6.8191395,0.1948838018201698,1080998.0,0.8994082840236687,0.6331360946745562,0.8106508875739645,5901376512.0
GFI,0.6650887573964497,0.5266272189349113,52.12,4.344341,0.2722777057269953,3407319.0,0.621301775147929,0.7988165680473372,0.5769230769230769,46906830848.0
GLW,0.6372781065088758,0.5325443786982249,114.235,3.511236,0.2975497944249424,6840324.0,0.3964497041420118,0.8461538461538461,0.7455621301775148,97940561920.0
HBM,0.6257396449704142,0.3313609467455621,25.82,7.1369267,0.1381490357183613,5389245.0,0.9289940828402368,0.4733727810650887,0.5088757396449705,10228557824.0
HYMC,0.7680473372781065,0.4378698224852071,37.525,6.574844,0.3017800517983661,4013254.0,0.8757396449704142,0.8520710059171598,0.5976331360946746,3115527680.0
IPGP,0.6928994082840236,0.940828402366864,99.33,5.055525,0.1513219432458376,326073.0,0.7514792899408284,0.5029585798816568,0.7988165680473372,4193704704.0
ITW,0.6535502958579881,0.8994082840236687,272.925,3.16185,0.2797832710815273,1209068.0,0.2899408284023668,0.8165680473372781,0.8816568047337278,79557632000.0
JBLU,0.6106508875739645,0.0532544378698224,5.595,6.1669793,0.2927646279311549,18577234.0,0.8402366863905325,0.8284023668639053,0.1065088757396449,2034961408.0
LEU,0.6437869822485207,0.9171597633136096,277.975,4.0598216,0.143971979790734,1129185.0,0.5680473372781065,0.4852071005917159,0.9171597633136096,5062489600.0
LITE,0.8479289940828403,0.8402366863905325,444.5,4.9785047,0.3522032052765217,4676414.0,0.7337278106508875,0.8875739644970414,0.9822485207100592,31520647168.0
PAAS,0.6985207100591716,0.4023668639053254,55.97,4.4687014,0.3178149076566788,7335452.0,0.6627218934911243,0.8698224852071006,0.6094674556213018,23621971968.0
PHYS,0.6875739644970413,0.3372781065088757,36.925,5.5002966,0.232411460184856,6481152.0,0.7928994082840237,0.757396449704142,0.5562130177514792,17737713664.0
PLTR,0.8298816568047337,0.3195266272189349,156.935,6.1986156,0.6029216845678458,44839132.0,0.8461538461538461,0.9230769230769232,0.893491124260355,374044557312.0
PSLV,0.7828402366863905,0.2071005917159763,28.265,9.490602,0.3071800638397264,17765427.0,0.9644970414201184,0.8579881656804734,0.621301775147929,18026633216.0
RITM,0.6402366863905326,0.1952662721893491,11.4218,6.002785,0.2839130679869073,7255647.0,0.8224852071005917,0.8224852071005917,0.2248520710059171,6329923584.0
RKT,0.7384615384615384,0.1065088757396449,20.605,9.776234,0.2766313421716975,29832368.0,0.970414201183432,0.8047337278106509,0.5325443786982249,58021408768.0
SA,0.6355029585798816,0.6272189349112426,29.2111,5.075901,0.1897957135188684,1145695.0,0.757396449704142,0.6153846153846154,0.4615384615384615,3112562176.0
SCCO,0.8325443786982248,0.8579881656804734,207.1,7.5285563,0.1988324384499274,1645652.0,0.940828402366864,0.6449704142011834,0.9585798816568049,169635627008.0
SHG,0.6763313609467456,0.9467455621301776,61.22,4.6023,0.1863494322576653,193926.0,0.6804733727810651,0.6094674556213018,0.650887573964497,29350062080.0
SKE,0.653846153846154,0.6863905325443787,30.82,5.8015814,0.1755285009314832,895883.0,0.8106508875739645,0.5739644970414202,0.5029585798816568,3732096512.0
SNDK,0.6346153846153846,0.7455621301775148,679.465,2.1383317,0.4418080557768499,14254516.0,0.1479289940828402,0.9112426035502958,0.9467455621301776,100266786816.0
SQM,0.6218934911242603,0.7514792899408284,78.635,4.4914026,0.1475958608525038,1614632.0,0.6686390532544378,0.4911242603550296,0.7041420118343196,22461130752.0
TECK,0.7627218934911244,0.4970414201183432,58.14,6.62021,0.2291646369641674,4239127.0,0.8816568047337278,0.7396449704142012,0.727810650887574,28459960320.0
TER,0.9597633136094674,0.8165680473372781,274.71,10.090968,1.3130947467567502,3091652.0,0.9763313609467456,0.9644970414201184,0.9940828402366864,43699089408.0
TTMI,0.6949704142011833,0.727810650887574,107.67,4.77812,0.1812338784777974,2538532.0,0.7159763313609467,0.591715976331361,0.8224852071005917,11125619712.0
USAR,0.8224852071005917,0.2011834319526627,24.83,12.255496,0.6463991129838027,15709296.0,0.9822485207100592,0.9349112426035504,0.6568047337278107,5411225600.0
USAS,0.6387573964497041,0.1715976331360946,7.47,6.6286483,0.269264134457445,5431726.0,0.8875739644970414,0.7869822485207101,0.1775147928994082,2399324416.0
UUUU,0.6434911242603548,0.2189349112426035,22.4591,6.9019246,0.1833966308868013,13583990.0,0.9053254437869822,0.6035502958579881,0.4674556213017751,5408768512.0
VICR,0.6979289940828403,0.9585798816568049,174.215,5.3676786,0.13277670971858,468659.0,0.7869822485207101,0.4260355029585799,0.8875739644970414,7825609216.0
WDC,0.8094674556213018,0.6745562130177515,282.965,4.7591767,0.3294808056418532,8914234.0,0.7100591715976331,0.8757396449704142,0.9349112426035504,95935864832.0
WTW,0.7207100591715976,0.970414201183432,331.66,4.753488,0.1574247851178681,611149.0,0.7041420118343196,0.5266272189349113,0.9644970414201184,32352768000.0
WULF,0.7745562130177515,0.0828402366863905,15.28,13.690477,0.3645260425733679,32007052.0,0.9881656804733728,0.893491124260355,0.5384615384615384,6397458944.0
WWD,0.974852071005917,0.9763313609467456,377.04,15.214671,0.7614993949778748,566095.0,0.9940828402366864,0.940828402366864,1.0,22621190144.0
AES,0.7735905044510386,0.2492581602373887,16.0,8.621863,0.9011168786016592,8134098.0,0.9643916913946587,0.940652818991098,0.4094955489614243,11393935360.0
ALK,0.7410979228486646,0.5370919881305638,55.94,6.268996,0.4348825358704789,3534313.0,0.8753709198813057,0.7240356083086054,0.6379821958456974,6488402944.0
ALM,0.7452522255192878,0.3531157270029673,12.35,8.810573,0.5857966997343124,3262101.0,0.9673590504451038,0.8694362017804155,0.3353115727002967,3167637760.0
ASTS,0.7164688427299704,0.4362017804154303,113.5,8.560494,0.270882714493942,14366140.0,0.9584569732937686,0.456973293768546,0.887240356083086,41700048896.0
AU,0.7387240356083087,0.655786350148368,99.935,5.3610954,0.4262195767343141,2872144.0,0.7626112759643917,0.7181008902077152,0.7744807121661721,50456010752.0
BALL,0.836646884272997,0.5875370919881305,61.545,8.564119,0.5382336311206604,2652900.0,0.9614243323442137,0.8219584569732937,0.7685459940652819,16749403136.0
BE,0.7864985163204747,0.5074183976261127,168.2467,7.7606473,0.3676616381674301,13310532.0,0.9465875370919882,0.6231454005934718,0.9317507418397626,39792152576.0
BIO,0.8238872403560831,0.9940652818991098,310.605,4.42962,0.6280174942663609,187490.0,0.6468842729970327,0.887240356083086,0.9376854599406528,8378519040.0
BLDR,0.9207715133531156,0.7359050445103857,124.6675,10.0416355,0.7096404746385602,2052762.0,0.9821958456973294,0.9109792284866468,0.9228486646884272,13785805824.0
BLTE,0.7618694362017804,0.9643916913946587,182.09,5.066066,0.3872971005182234,233490.0,0.7329376854599406,0.6646884272997032,0.8813056379821959,6831038976.0
CCJ,0.7531157270029673,0.6320474777448071,126.95,5.6068525,0.3963402468473112,4225203.0,0.8100890207715133,0.685459940652819,0.8323442136498517,55432970240.0
CEF,0.7752225519287834,0.6201780415430267,51.39,7.0610423,0.4497200414140911,1789729.0,0.9198813056379822,0.744807121661721,0.6528189910979229,9953162240.0
CRS,0.843620178041543,0.9376854599406528,331.45,6.4626045,0.4165347363440743,879252.0,0.8813056379821959,0.7032640949554896,0.9762611275964392,16512449536.0
DVA,0.9749258160237388,0.8338278931750742,139.205,25.19561,1.900765776696423,931342.0,1.0,0.9792284866468842,0.9940652818991098,9953157120.0
ENLT,0.8281899109792283,0.9792284866468842,62.1212,5.379474,1.148667149875171,49668.0,0.7655786350148368,0.9614243323442137,0.629080118694362,8208316928.0
ERO,0.7375370919881304,0.5964391691394659,36.2589,6.051188,0.492367047431727,1520185.0,0.8605341246290801,0.7863501483679525,0.5074183976261127,3776515584.0
EXP,0.8497032640949556,0.9465875370919882,221.915,5.941181,0.4777443065950724,462421.0,0.8486646884272997,0.7744807121661721,0.9347181008902076,7115454976.0
FCX,0.7363501483679524,0.3323442136498516,64.195,5.653393,0.5230939561858178,18347073.0,0.8189910979228486,0.8100890207715133,0.6646884272997032,92179562496.0
FDX,0.8624629080118693,0.857566765578635,353.06,5.2967525,0.7046694022886641,1767057.0,0.7566765578635015,0.9080118694362018,0.9703264094955488,83306430464.0
FLOC,0.718545994065282,0.7626112759643917,22.21,4.962189,0.7184483425317256,284470.0,0.7151335311572701,0.9198813056379822,0.3501483679525222,2098183808.0
FORM,0.812166172106825,0.7477744807121661,75.9,6.4964294,0.4972775157770874,1080998.0,0.884272997032641,0.7952522255192879,0.7477744807121661,5883547648.0
GWW,0.8207715133531157,1.0,1141.73,4.1553326,0.6048930727741849,270137.0,0.6142433234421365,0.8753709198813057,0.9970326409495548,54611505152.0
HYMC,0.7345697329376855,0.4718100890207715,37.3,5.9358144,0.5430707849540547,4013254.0,0.8456973293768546,0.8249258160237388,0.5133531157270029,3096846848.0
IBP,0.9359050445103856,0.9703264094955488,309.89,8.005715,0.6166791671368171,301322.0,0.9525222551928784,0.8813056379821959,0.9851632047477744,8359393280.0
IPGP,0.8813056379821957,0.9050445103857568,101.23,7.065045,0.5839888613899341,326073.0,0.9228486646884272,0.8635014836795252,0.827893175074184,4273922560.0
ITW,0.9065281899109792,0.8753709198813057,280.5,6.1655536,0.7400038707500323,1209068.0,0.8694362017804155,0.9228486646884272,0.9584569732937686,81765752832.0
LEN-B,0.8338278931750742,0.9970326409495548,107.715,6.112692,0.4771255092325222,64067.0,0.8664688427299704,0.771513353115727,0.8041543026706232,27469537280.0
LITE,0.7385756676557863,0.7863501483679525,438.89,3.6540146,0.5680748111694132,4676414.0,0.486646884272997,0.8545994065281899,0.9525222551928784,31122829312.0
MP,0.7902077151335312,0.4154302670623145,63.44,7.3253226,0.5012720427339425,9322800.0,0.9258160237388724,0.8011869436201781,0.7210682492581603,11243501568.0
OC,0.8252225519287835,0.7655786350148368,128.75,5.385939,0.667562031627643,1578872.0,0.7685459940652819,0.8991097922848664,0.8249258160237388,10767048704.0
PAAS,0.7209198813056379,0.43026706231454,56.425,5.2121177,0.5679074718231405,7335452.0,0.7477744807121661,0.8516320474777448,0.5905044510385756,23814002688.0
PEP,0.7280415430267062,0.5608308605341247,161.4725,4.0415635,0.6004428738245494,7937701.0,0.5845697329376854,0.8724035608308606,0.8100890207715133,221068328960.0
PHM,0.7698813056379822,0.7566765578635015,134.705,6.008501,0.3734738193363823,1813514.0,0.8545994065281899,0.6320474777448071,0.8694362017804155,26576969728.0
PHYS,0.7406528189910979,0.3768545994065282,36.98,5.655542,0.6955522721886479,6481152.0,0.8219584569732937,0.9050445103857568,0.4925816023738872,17764132864.0
PLTR,0.8609792284866468,0.3353115727002967,157.52,6.594492,1.0559239639161615,44839132.0,0.8931750741839762,0.9554896142433236,0.9020771513353116,375438901248.0
PSLV,0.7851632047477745,0.2136498516320474,28.295,9.670547,0.6177904983651673,17765427.0,0.9792284866468842,0.884272997032641,0.5578635014836796,18045767680.0
RH,0.7661721068249258,0.8605341246290801,210.41,7.5001316,0.2789484370784792,1049029.0,0.9317507418397626,0.4688427299703264,0.9495548961424332,3951015936.0
RKT,0.7775964391691395,0.1275964391691394,20.96,11.667547,0.6771516763268676,29832368.0,0.9881305637982196,0.9020771513353116,0.516320474777448,59021049856.0
SCCO,0.8789317507418397,0.8160237388724035,210.1971,9.023389,0.4616042759951678,1645652.0,0.973293768545994,0.7537091988130564,0.9643916913946587,172172443648.0
TECK,0.8084569732937685,0.516320474777448,58.78,7.7345996,0.5250658921046716,4239127.0,0.940652818991098,0.8130563798219584,0.7151335311572701,28773244928.0
TER,0.9642433234421366,0.7744807121661721,275.015,10.213206,2.0131402240614404,3091652.0,0.9851632047477744,0.9821958456973294,0.9910979228486648,43747610624.0
TOL,0.7189910979228487,0.8219584569732937,152.2358,4.645581,0.3880084607047082,1179098.0,0.6735905044510386,0.6676557863501483,0.8367952522255193,14462857216.0
USAR,0.8440652818991098,0.2225519287833827,25.5183,15.378661,1.3940468751750557,15709296.0,0.9970326409495548,0.9762611275964392,0.655786350148368,5561227264.0
UUUU,0.7550445103857566,0.228486646884273,23.6499,12.570894,0.4761304300135674,13583990.0,0.9910979228486648,0.7685459940652819,0.5816023738872403,5695545856.0
VICR,0.7264094955489615,0.9317507418397626,172.59,4.378585,0.3914317232785458,468659.0,0.6439169139465876,0.6735905044510386,0.8605341246290801,7752615424.0
WDC,0.7621661721068249,0.6409495548961425,280.9808,4.02459,0.637442992858388,8914234.0,0.5786350148367952,0.8902077151335311,0.9198813056379822,95263145984.0
WHR,0.8142433234421365,0.7299703264094956,85.88,7.430567,0.4409748130377177,1475565.0,0.9287833827893176,0.7329376854599406,0.798219584569733,4822045696.0
WTW,0.7991097922848664,0.9495548961424332,332.59,5.0472226,0.4484847394007026,611149.0,0.7240356083086054,0.7418397626112759,0.9554896142433236,32443486208.0
WULF,0.7474777448071217,0.0801186943620178,14.635,8.891374,0.7159646255456453,32007052.0,0.9703264094955488,0.9169139465875372,0.3946587537091988,6127409664.0
WWD,0.9841246290801188,0.9554896142433236,374.48,14.432394,1.3920631696093413,566095.0,0.9940652818991098,0.973293768545994,1.0,22467598336.0
