symbol,HotScore,TrendScore,regularMarketPrice,regularMarketChangePercent,VolumeSpike,averageDailyVolume3Month,MomentumScore,VolumeScore,VolatilityScore,marketCap
E,0.7104651162790697,0.9634551495016612,54.8,3.76822,0.974854431323105,409257.0,0.8637873754152824,0.4485049833887043,0.7740863787375415,78949376000.0
XOM,0.7112956810631229,0.7342192691029901,160.95,2.70563,1.070151559254097,15562890.0,0.7475083056478405,0.5681063122923588,0.8870431893687708,661812215808.0
PBR,0.7164451827242525,0.2956810631229236,19.35,4.42525,1.320362209889696,15975820.0,0.9069767441860463,0.717607973421927,0.5913621262458472,124698492928.0
DOCU,0.7169435215946844,0.8039867109634552,66.27,3.5468698,1.0292728364041543,3758604.0,0.8438538205980066,0.5182724252491694,0.7990033222591362,12653898752.0
GGAL,0.7172757475083056,0.893687707641196,43.75,3.5748065,1.049883970595605,1037668.0,0.8471760797342193,0.5348837209302325,0.7209302325581395,7413587968.0
MIR,0.7174418604651163,0.5249169435215947,15.07,4.65278,1.2287159509672196,3957271.0,0.9235880398671096,0.654485049833887,0.5631229235880398,3753072384.0
GME,0.7204318936877075,0.4883720930232558,18.38,2.85394,1.914756538255076,5627763.0,0.7574750830564784,0.8870431893687708,0.4800664451827242,8246945280.0
GTLB,0.7224252491694352,0.7009966777408638,46.54,3.7218676,1.076030313042515,5236030.0,0.8571428571428571,0.5813953488372093,0.7441860465116279,7860605952.0
MSTR,0.7259136212624585,0.627906976744186,132.94,4.4222803,0.9845519251159004,23441238.0,0.903654485049834,0.4651162790697674,0.920265780730897,52814626816.0
CLMT,0.7285714285714285,0.9102990033222592,49.73,4.146596,0.9989927152054724,1082117.0,0.8903654485049833,0.4916943521594684,0.7691029900332226,4371179008.0
TS,0.7320598006644519,0.903654485049834,55.87,3.52047,1.0695237107792428,1282771.0,0.8372093023255814,0.5614617940199336,0.760797342192691,28204285952.0
FRVO,0.7415282392026578,0.5946843853820598,15.38,4.129991,1.4207848328021708,3168522.0,0.8837209302325582,0.7574750830564784,0.5382059800664452,4533457920.0
ZYME,0.7430232558139535,0.9136212624584718,29.41,4.0325413,1.122596658920782,637758.0,0.8770764119601329,0.6079734219269103,0.659468438538206,2103086720.0
BMA,0.7470099667774086,0.9833887043189368,78.68,3.45825,1.0646453839150012,282263.0,0.8272425249169435,0.5514950166112956,0.8305647840531561,5030723072.0
LNG,0.770764119601329,0.973421926910299,291.69,3.31528,1.075467063850691,1905414.0,0.8006644518272426,0.574750830564784,0.9601328903654484,60243951616.0
WMB,0.7762458471760797,0.7441860465116279,75.05,1.79032,2.814373470840067,6877142.0,0.6777408637873754,0.9269102990033222,0.7009966777408638,91798724608.0
HNGE,0.7808970099667774,0.9169435215946844,92.56,5.96451,0.9957640305854404,1998598.0,0.9634551495016612,0.4817275747508305,0.9169435215946844,7469074944.0
SWKS,0.7840531561461794,0.7674418604651163,67.01,1.8543869,3.6869777589017296,5406028.0,0.6943521594684385,0.9335548172757476,0.6877076411960132,10083181568.0
PURR,0.7857142857142856,0.2259136212624584,12.25,5.512492,2.540438589348111,15829249.0,0.9534883720930232,0.9136212624584718,0.5481727574750831,2423510528.0
DIOD,0.7878737541528238,0.9700996677740864,90.8,3.1818216,1.3054249080356024,630407.0,0.7807308970099668,0.7109634551495017,0.8438538205980066,4181494784.0
CF,0.7936877076411961,0.9235880398671096,130.03,3.3707,1.2613449987755387,2535809.0,0.8106312292358804,0.6843853820598007,0.8903654485049833,19678496768.0
VEEV,0.7998338870431893,0.956810631229236,285.69,3.25274,1.2571032601974097,2239711.0,0.7906976744186046,0.6744186046511628,0.956810631229236,46255738880.0
NVT,0.8096345514950165,0.9302325581395348,150.75,1.52883,5.709468652710248,2104217.0,0.6411960132890365,0.946843853820598,0.8039867109634552,24400082944.0
DG,0.8121262458471761,0.9069767441860463,126.75,3.14102,1.472440168953136,2810957.0,0.7774086378737541,0.7807308970099668,0.8803986710963455,27963176960.0
DAR,0.8124584717607972,0.8637873754152824,66.27,3.03171,1.8061326719577275,2390573.0,0.7641196013289037,0.8737541528239202,0.7641196013289037,10457597952.0
XE,0.8194352159468439,0.5149501661129569,18.45,7.1428657,1.5714744769328095,5268587.0,0.9833887043189368,0.813953488372093,0.6943521594684385,5303613440.0
OLLI,0.8257475083056478,0.8870431893687708,75.42,4.1425023,1.3558532916179,1976247.0,0.8870431893687708,0.7308970099667774,0.8538205980066446,4559387136.0
COIN,0.8287375415282392,0.8471760797342193,188.12,5.30676,1.2002131051270504,8589188.0,0.9401993355481728,0.6312292358803987,0.9700996677740864,49633001472.0
XNCR,0.8310631229235881,0.8571428571428571,27.265,4.6239448,1.639293396756215,1102231.0,0.9169435215946844,0.8272425249169435,0.6744186046511628,2027245440.0
BBAR,0.8352159468438538,0.8538205980066446,15.14,4.63027,2.181814422880973,677174.0,0.920265780730897,0.9003322259136213,0.5631229235880398,3092143616.0
FFIV,0.8353820598006644,0.9933554817275748,407.13,3.2695856,1.390997805100078,611873.0,0.7973421926910299,0.7475083056478405,0.9767441860465116,23054624768.0
OKTA,0.8388704318936877,0.920265780730897,173.04,4.096732,1.314797771216644,3551893.0,0.8803986710963455,0.7142857142857143,0.9435215946843852,30251012096.0
HTFL,0.8533222591362126,0.867109634551495,50.39,5.4625382,1.442047246837559,1779717.0,0.9435215946843852,0.7740863787375415,0.8272425249169435,4381593088.0
RBLX,0.8536544850498339,0.5083056478405316,41.29,7.16325,1.640127618239998,11867896.0,0.9867109634551496,0.8305647840531561,0.8338870431893688,29496582144.0
DE,0.872093023255814,0.9900332225913622,654.91,3.89954,1.429726324009655,1239568.0,0.8737541528239202,0.7674418604651163,0.9933554817275748,176580362240.0
CRCL,0.8724252491694351,0.6777408637873754,95.55,9.65114,1.420804297381316,13792958.0,0.9933554817275748,0.760797342192691,0.9534883720930232,26046367744.0
SLB,0.8725913621262459,0.5681063122923588,60.1,4.83167,2.608794604656811,13274707.0,0.9335548172757476,0.9169435215946844,0.840531561461794,89197002752.0
ULTA,0.8732558139534883,0.9966777408637874,537.1,3.7874348,1.4708680796189828,746003.0,0.867109634551495,0.7774086378737541,0.9900332225913622,22965037056.0
AMR,0.8735880398671096,1.0,235.7,4.18601,1.4248837106126224,293019.0,0.893687707641196,0.7641196013289037,0.9667774086378738,2988450816.0
TSLA,0.8747508305647841,0.7043189368770764,367.95,5.5053797,1.4753132836057117,41278333.0,0.9501661129568106,0.7840531561461794,0.9867109634551496,1453236027392.0
STDN,0.8769102990033223,0.7840531561461794,16.11,14.2553,1.642509541769236,1106975.0,1.0,0.8372093023255814,0.7774086378737541,2588450816.0
CHA,0.8810631229235881,0.8073089700996677,11.63,7.6851845,6.096699055888636,652995.0,0.9900332225913622,0.956810631229236,0.5946843853820598,2218577408.0
WFRD,0.8855481727574751,0.9368770764119602,97.77,4.243518,1.7264696953295475,1228639.0,0.8970099667774086,0.8604651162790697,0.8837209302325582,7008685056.0
ASST,0.897674418604651,0.5980066445182725,24.22,11.407541,3.072317840546396,4837520.0,0.9966777408637874,0.9302325581395348,0.8172757475083057,2172132352.0
PLSE,0.9018272425249168,0.9601328903654484,50.33,5.8019805,1.739633826544397,377526.0,0.9601328903654484,0.8637873754152824,0.8372093023255814,3589667072.0
CRWD,0.9019933554817274,0.840531561461794,231.0,5.7692337,1.6335650583297774,10772971.0,0.956810631229236,0.8239202657807309,0.973421926910299,236528943104.0
AGCO,0.9064784053156144,0.9667774086378738,118.31,4.33901,2.146200052481035,842209.0,0.9003322259136213,0.8970099667774086,0.903654485049834,8285453824.0
ASND,0.912126245847176,0.9867109634551496,263.04,6.103023,1.5011535226808022,648015.0,0.9700996677740864,0.7940199335548173,0.9800664451827242,17253539840.0
CAR,0.916279069767442,0.9800664451827242,147.49,6.7839637,1.5250503099816808,554065.0,0.9800664451827242,0.8073089700996677,0.9634551495016612,5210195456.0
SNDK,0.917940199335548,0.946843853820598,1566.7,5.5031023,1.6402452895820974,13758758.0,0.946843853820598,0.8338870431893688,1.0,229394644992.0
