symbol,HotScore,MomentumScore,VolumeScore,VolumeSpike,VolatilityScore,TrendScore,cluster,watch_label,final_signal
LQDA,0.7134426229508197,0.9770491803278688,0.2950819672131147,0.842427664417315,0.8885245901639345,0.9049180327868852,2,👀 WATCH,WATCH
ABCL,0.7208196721311475,0.9901639344262296,0.5934426229508196,1.1156384184164585,0.6426229508196721,0.380327868852459,0,❌ IGNORE,IGNORE
NTES,0.7263934426229509,0.9245901639344264,0.3573770491803278,0.8949501410503521,0.9081967213114754,0.960655737704918,2,👀 WATCH,WATCH
BJ,0.7275409836065574,0.8098360655737705,0.5344262295081967,1.0394365136599677,0.8262295081967214,0.918032786885246,2,👀 WATCH,WATCH
BEKE,0.7286885245901639,0.8655737704918033,0.7967213114754098,1.4281491025831274,0.4655737704918032,0.5377049180327869,0,❌ IGNORE,IGNORE
SHAK,0.7337704918032788,0.839344262295082,0.5770491803278689,1.0828045426578403,0.7540983606557377,0.8721311475409836,2,👀 WATCH,WATCH
ROL,0.738360655737705,0.7737704918032787,0.918032786885246,1.8755526487538663,0.4360655737704918,0.5901639344262295,0,❌ IGNORE,IGNORE
AMRX,0.7386885245901638,0.8622950819672132,0.7442622950819672,1.352941147793292,0.5311475409836065,0.7016393442622951,0,❌ IGNORE,IGNORE
PANW,0.7432786885245902,0.921311475409836,0.3836065573770492,0.9121395561793622,0.9704918032786886,0.9245901639344264,2,👀 WATCH,WATCH
TXG,0.7449180327868853,0.819672131147541,0.6032786885245902,1.123663419657032,0.8098360655737705,0.8491803278688524,2,❌ IGNORE,IGNORE
AVPT,0.7465573770491803,0.9311475409836064,0.7344262295081967,1.3406714875878187,0.4934426229508197,0.6491803278688525,0,❌ IGNORE,IGNORE
AMC,0.7493442622950819,0.9934426229508196,0.9442622950819672,2.100976977570114,0.3475409836065574,0.0163934426229508,0,❌ IGNORE,IGNORE
KR,0.7547540983606557,0.7540983606557377,0.8655737704918033,1.672249388993096,0.5967213114754099,0.6852459016393443,0,❌ IGNORE,IGNORE
ALVO,0.7583606557377047,0.9672131147540984,0.8098360655737705,1.486936337322618,0.3639344262295082,0.6360655737704918,0,❌ IGNORE,IGNORE
OKTA,0.758688524590164,0.8459016393442623,0.5245901639344263,1.0343728045798053,0.9344262295081968,0.921311475409836,2,👀 WATCH,WATCH
BB,0.7595081967213113,0.9704918032786886,0.9016393442622952,1.7840245630200482,0.4491803278688525,0.1442622950819672,0,❌ IGNORE,IGNORE
ADMA,0.7647540983606557,0.980327868852459,0.7475409836065574,1.361373384990244,0.5409836065573771,0.5180327868852459,0,❌ IGNORE,IGNORE
IDYA,0.7672131147540984,0.8786885245901639,0.6622950819672131,1.2282604387893312,0.6950819672131148,0.8885245901639345,2,👀 WATCH,WATCH
HTHT,0.7680327868852459,0.8,0.7704918032786885,1.3994848321853246,0.6688524590163935,0.8459016393442623,2,❌ IGNORE,IGNORE
SECZ,0.769672131147541,0.8852459016393442,0.8557377049180328,1.6464141722709742,0.4852459016393443,0.6327868852459017,0,❌ IGNORE,IGNORE
AEO,0.7721311475409837,0.9049180327868852,0.8590163934426229,1.6555974738192956,0.5344262295081967,0.4786885245901639,0,❌ IGNORE,IGNORE
GAP,0.7729508196721312,0.9344262295081968,0.780327868852459,1.4083120708835648,0.6295081967213115,0.4688524590163934,0,❌ IGNORE,IGNORE
MDT,0.7832786885245903,0.7278688524590164,0.9704918032786886,2.7732742578775142,0.5836065573770491,0.7213114754098361,0,❌ IGNORE,IGNORE
PBLS,0.7847540983606557,0.9016393442622952,0.6950819672131148,1.264677350570879,0.6786885245901639,0.9016393442622952,2,👀 WATCH,WATCH
PACS,0.8014754098360657,0.8918032786885246,0.7245901639344262,1.3341194892329769,0.7245901639344262,0.9081967213114754,2,👀 WATCH,WATCH
TRMD,0.8059016393442623,0.8032786885245902,0.8950819672131147,1.779203336444005,0.6229508196721312,0.8688524590163934,1,👀 WATCH,WATCH
NAMS,0.8149180327868852,0.9081967213114754,0.8459016393442623,1.6029082259712466,0.6065573770491803,0.7967213114754098,1,❌ IGNORE,IGNORE
ZS,0.8152459016393443,0.8229508196721311,0.7147540983606557,1.31887174642205,0.918032786885246,0.9344262295081968,2,👀 WATCH,WATCH
MSGS,0.8175409836065574,0.8295081967213115,0.6754098360655738,1.2420767529127854,0.9573770491803278,0.9934426229508196,2,👀 WATCH,WATCH
AMH-PH,0.8250819672131149,0.7967213114754098,0.99672131147541,18.113102046003306,0.4885245901639344,0.99672131147541,1,👀 WATCH,WATCH
DFTX,0.8265573770491803,0.9540983606557376,0.7377049180327869,1.3410977552939345,0.7770491803278688,0.7901639344262295,1,❌ IGNORE,IGNORE
TWLO,0.8268852459016394,0.8754098360655738,0.6721311475409836,1.2400286918595262,0.9475409836065574,0.9573770491803278,2,👀 WATCH,WATCH
PCVX,0.8352459016393441,0.8590163934426229,0.8360655737704918,1.5832270107806787,0.760655737704918,0.898360655737705,1,👀 WATCH,WATCH
VOYG,0.8418032786885246,0.9442622950819672,0.8163934426229508,1.495338124809912,0.7311475409836066,0.7934426229508197,1,❌ IGNORE,IGNORE
SEB,0.8427868852459016,0.8426229508196721,0.7081967213114754,1.2864404000655845,1.0,1.0,2,👀 WATCH,WATCH
VSXY,0.8440983606557377,0.960655737704918,0.6819672131147541,1.259752781448617,0.898360655737705,0.8950819672131147,1,👀 WATCH,WATCH
ABVX,0.8496721311475409,0.9573770491803278,0.6786885245901639,1.2520498999748726,0.9147540983606556,0.940983606557377,1,👀 WATCH,WATCH
GRAL,0.8504918032786885,0.9114754098360656,0.7213114754098361,1.3270750396061672,0.9114754098360656,0.9672131147540984,1,👀 WATCH,WATCH
NKTR,0.8560655737704918,0.9475409836065574,0.7508196721311475,1.3641704588876924,0.8426229508196721,0.9311475409836064,1,👀 WATCH,WATCH
PTCT,0.8606557377049179,0.9377049180327868,0.7868852459016393,1.417487335344666,0.839344262295082,0.8918032786885246,1,👀 WATCH,WATCH
GIL,0.8634426229508196,0.8721311475409836,0.9475409836065574,2.153261450306405,0.7049180327868853,0.8557377049180328,1,👀 WATCH,WATCH
BVC,0.8639344262295082,0.9508196721311476,0.9508196721311476,2.22353236327145,0.4983606557377049,0.9868852459016394,1,👀 WATCH,WATCH
CGON,0.8767213114754098,0.8557377049180328,0.9278688524590164,1.9573374793686111,0.7901639344262295,0.9442622950819672,1,👀 WATCH,WATCH
PS,0.9111475409836064,0.940983606557377,0.9147540983606556,1.8359879390889,0.8229508196721311,0.9704918032786886,1,⚠️ OVERHEATED,IGNORE
BURL,0.9277049180327868,0.918032786885246,0.9081967213114754,1.8226907053584256,0.9508196721311476,0.9836065573770492,1,⚠️ OVERHEATED,IGNORE
TFX,0.927704918032787,0.898360655737705,0.960655737704918,2.5791131988056395,0.8950819672131147,0.980327868852459,1,⚠️ OVERHEATED,IGNORE
MAAS,0.94,0.99672131147541,0.9639344262295082,2.582395548061246,0.8,0.9377049180327868,1,👀 WATCH,WATCH
CAAP,0.9411475409836064,0.9868852459016394,0.9901639344262296,5.16149593181873,0.7704918032786885,0.9508196721311476,1,👀 WATCH,WATCH
HHH,0.9659016393442622,0.9836065573770492,0.9836065573770492,3.811716807796934,0.9049180327868852,0.9639344262295082,1,🔥 HOT,STRONG BUY
KOD,0.9940983606557376,1.0,1.0,54.7707757437789,0.9934426229508196,0.9540983606557376,3,🔥 HOT,STRONG BUY
