symbol,HotScore,MomentumScore,VolumeScore,VolumeSpike,VolatilityScore,TrendScore,cluster,watch_label,final_signal,knn_uniqueness,knn_signal,final_rank
NATL,0.9261666666666666,0.95,1.0,12.662642006338652,0.7566666666666667,0.9233333333333332,3,üëÄ WATCH,WATCH,1.0,RARE,0.9604666666666666
NATL,0.9298804780876492,0.9442231075697212,1.0,11.245920681730562,0.7768924302788844,0.9402390438247012,3,üëÄ WATCH,WATCH,0.7723622355527331,RARE,0.9152692598595505
LMAT,0.9948660714285714,0.9977678571428572,0.9977678571428572,7.753011936593409,0.9888392857142856,0.9866071428571428,3,üî• HOT,STRONG BUY,0.5847009351721788,INTERESTING,0.9139937584630072
NATL,0.9344978165938864,0.9475982532751092,1.0,10.358975000876196,0.7947598253275109,0.9388646288209608,3,üëÄ WATCH,WATCH,0.65645787593647,INTERESTING,0.8946103524798705
NATL,0.9318627450980392,0.9411764705882352,1.0,9.373730141643344,0.7941176470588235,0.9362745098039216,3,üëÄ WATCH,WATCH,0.5558556046053216,INTERESTING,0.872151513077927
NATL,0.9266891891891892,0.9121621621621622,1.0,8.871539651624467,0.8108108108108109,0.9527027027027029,3,‚ö†Ô∏è OVERHEATED,IGNORE,0.5291677179817221,INTERESTING,0.8589416517044526
SEZL,0.9799107142857144,1.0,0.9866071428571428,5.467247122214058,0.9866071428571428,0.8727678571428571,3,üî• HOT,STRONG BUY,0.3476228035304146,CROWDED,0.8588102749917972
FIGS,0.8949999999999999,0.9933333333333332,0.9933333333333332,6.904934590336905,0.7333333333333333,0.53,3,‚ùå IGNORE,IGNORE,0.3664061755339065,CROWDED,0.8286145684401146
PSKY,0.8636666666666666,0.99,0.99,6.701556285995669,0.71,0.2866666666666667,3,‚ùå IGNORE,IGNORE,0.4126916957263616,INTERESTING,0.824005005811939
NATL,0.9,0.8691588785046729,1.0,6.708589724974591,0.7570093457943925,0.9439252336448598,3,üëÄ WATCH,WATCH,0.4424018029363822,INTERESTING,0.8223121362882112
FA,0.8731026785714285,0.9955357142857144,0.9933035714285714,5.909519584799353,0.5803571428571429,0.609375,3,‚ùå IGNORE,IGNORE,0.3065515252513714,CROWDED,0.8083192336217029
FIGS,0.895019920318725,0.9880478087649402,0.9920318725099602,6.03509829047072,0.7330677290836654,0.5537848605577689,3,‚ùå IGNORE,IGNORE,0.2665954540267908,CROWDED,0.8073429951878283
PSKY,0.8725099601593626,0.99601593625498,0.9880478087649402,5.53408639905997,0.7290836653386454,0.3227091633466135,3,‚ùå IGNORE,IGNORE,0.27759941009279804,CROWDED,0.8013366150862887
FIGS,0.8932314410480349,0.9868995633187772,0.9912663755458516,5.572213027241834,0.7161572052401747,0.5764192139737991,3,‚ùå IGNORE,IGNORE,0.23337739110994182,CROWDED,0.7996012424141281
AAOI,0.9686915887850468,1.0,0.97196261682243,2.173455717957628,0.9906542056074766,0.8037383177570093,3,üî• HOT,STRONG BUY,0.07876003986815326,CROWDED,0.7976211668521354
AAOI,0.965,1.0,0.98,3.771775006335063,1.0,0.72,3,üî• HOT,STRONG BUY,0.07778481438324433,CROWDED,0.7975569628766489
IONQ,0.8824776785714287,0.9933035714285714,0.9598214285714286,3.658659901852707,0.8571428571428571,0.2745535714285714,3,‚ùå IGNORE,IGNORE,0.2649322931553062,CROWDED,0.7966025300596327
AAOI,0.9456521739130432,1.0,0.9130434782608696,0.9361294658723148,0.9782608695652174,0.8043478260869565,3,‚ö†Ô∏è OVERHEATED,IGNORE,0.16029132996331794,CROWDED,0.792927831210055
AAOI,0.9692567567567568,1.0,0.9797297297297296,2.66134706562054,0.9864864864864864,0.7905405405405406,3,üî• HOT,STRONG BUY,0.045847812251736966,CROWDED,0.7928182110989961
XYZ,0.9306666666666664,0.9833333333333332,0.9766666666666668,3.734464595526183,0.9133333333333332,0.62,3,‚ö†Ô∏è OVERHEATED,IGNORE,0.14006686381202033,CROWDED,0.7922800394290708
AAOI,0.9665338645418328,1.0,0.9760956175298804,3.424747287035216,1.0,0.749003984063745,3,üî• HOT,STRONG BUY,0.042637053380565205,CROWDED,0.7903600799988224
AAOI,0.9692139737991264,1.0,0.9781659388646288,3.284522621979981,0.9956331877729258,0.777292576419214,3,üî• HOT,STRONG BUY,0.03453253001868227,CROWDED,0.7902252832963129
FIGS,0.884313725490196,0.9803921568627452,0.9901960784313726,5.038553686708038,0.6862745098039216,0.5735294117647058,3,‚ùå IGNORE,IGNORE,0.20532045079957598,CROWDED,0.7889072274148171
AAOI,0.9669117647058822,1.0,0.9754901960784312,3.0080122426957265,0.9901960784313726,0.7745098039215687,3,üî• HOT,STRONG BUY,0.029090335834105127,CROWDED,0.7876808122648601
NFLX,0.8968333333333334,0.9766666666666668,0.9466666666666668,2.6883530757829632,0.9433333333333334,0.35,3,‚ùå IGNORE,IGNORE,0.22086170983788472,CROWDED,0.787572341967577
PSKY,0.8670305676855894,0.9912663755458516,0.9868995633187772,4.865798340040762,0.6986899563318777,0.3493449781659388,3,‚ùå IGNORE,IGNORE,0.22544937123595668,CROWDED,0.7875352890943529
DELL,0.9598333333333332,0.9866666666666668,0.97,3.6574439557742418,0.9966666666666668,0.7566666666666667,3,üî• HOT,STRONG BUY,0.05565778266729825,CROWDED,0.7863982232001262
DELL,0.9648471615720522,0.982532751091703,0.9694323144104804,3.227145313016321,1.0,0.8165938864628821,3,üî• HOT,STRONG BUY,0.049075354917946755,CROWDED,0.786146948712847
DELL,0.9649509803921568,0.9901960784313726,0.965686274509804,2.810795648492761,1.0,0.803921568627451,3,üî• HOT,STRONG BUY,0.04283673982512544,CROWDED,0.7857242107101231
FIGS,0.8854729729729729,0.9797297297297296,0.9864864864864864,4.294214311959334,0.6891891891891891,0.5945945945945946,3,‚ùå IGNORE,IGNORE,0.18941410413996507,CROWDED,0.7853152532604254
DELL,0.9635458167330678,0.9840637450199204,0.9721115537848606,3.3793064890305544,0.99601593625498,0.796812749003984,3,üî• HOT,STRONG BUY,0.04221755255783674,CROWDED,0.7850968969657508
DELL,0.9584459459459458,0.9864864864864864,0.9527027027027029,2.276900395989339,0.9932432432432432,0.8108108108108109,3,üî• HOT,STRONG BUY,0.06533448437101665,CROWDED,0.7842831130904196
NFLX,0.897609561752988,0.9721115537848606,0.9402390438247012,2.3453993140088567,0.952191235059761,0.3784860557768924,3,‚ùå IGNORE,IGNORE,0.20507063663954062,CROWDED,0.7825280715510157
FIGS,0.8869158878504672,0.9813084112149532,0.9813084112149532,3.358059538511489,0.6915887850467289,0.616822429906542,3,‚ùå IGNORE,IGNORE,0.17219092964040503,CROWDED,0.7817279055542492
SJM,0.927455357142857,0.9196428571428572,0.9732142857142856,3.990689961592373,0.90625,0.8370535714285714,3,‚ö†Ô∏è OVERHEATED,IGNORE,0.16078636467530116,CROWDED,0.7817108443636316
DELL,0.9490654205607476,0.97196261682243,0.9439252336448598,1.74023178907951,0.9813084112149532,0.822429906542056,3,‚ö†Ô∏è OVERHEATED,IGNORE,0.09197666205451421,CROWDED,0.7811990707286599
XYZ,0.9324701195219124,0.9800796812749004,0.9681274900398408,3.374560963202952,0.9282868525896414,0.649402390438247,3,‚ö†Ô∏è OVERHEATED,IGNORE,0.09114604314260025,CROWDED,0.7808586907002333
NFLX,0.8982532751091703,0.9694323144104804,0.9432314410480348,2.1232238864733013,0.9432314410480348,0.4017467248908297,3,‚ùå IGNORE,IGNORE,0.1942828745966669,CROWDED,0.7806906360547046
XYZ,0.9358108108108107,0.972972972972973,0.9594594594594594,2.290134387358163,0.945945945945946,0.7027027027027027,3,‚ö†Ô∏è OVERHEATED,IGNORE,0.09277591096829721,CROWDED,0.7793659930044704
XYZ,0.9313084112149532,0.9626168224299064,0.9532710280373832,1.8310694494192865,0.9439252336448598,0.719626168224299,3,‚ö†Ô∏è OVERHEATED,IGNORE,0.11618796603365224,CROWDED,0.7789385277861697
XYZ,0.9338427947598252,0.9781659388646288,0.9737991266375546,3.2346072113960243,0.9126637554585152,0.6812227074235808,3,‚ö†Ô∏è OVERHEATED,IGNORE,0.07503216979152784,CROWDED,0.7789365649626724
XYZ,0.930392156862745,0.9705882352941176,0.9705882352941176,2.900041283895498,0.9166666666666666,0.6764705882352942,3,‚ö†Ô∏è OVERHEATED,IGNORE,0.08565357621125708,CROWDED,0.7775228721049965
FIGS,0.8793478260869565,0.9782608695652174,0.9565217391304348,1.7404461574011116,0.7391304347826086,0.5434782608695652,3,‚ùå IGNORE,IGNORE,0.18118577257659563,CROWDED,0.7749328066892323
PSKY,0.8602941176470588,0.9852941176470588,0.9852941176470588,3.6456578281653926,0.6764705882352942,0.3529411764705882,3,‚ùå IGNORE,IGNORE,0.18057468707871638,CROWDED,0.7743502315333902
IMAX,0.9003348214285714,0.9732142857142856,0.9397321428571428,3.272048963552046,0.7924107142857143,0.7232142857142857,3,‚ùå IGNORE,IGNORE,0.1409390557547449,CROWDED,0.7709110254366633
NFLX,0.8862745098039215,0.9509803921568628,0.931372549019608,1.859012656652046,0.931372549019608,0.4117647058823529,3,‚ùå IGNORE,IGNORE,0.19545762183694668,CROWDED,0.7700719165242521
PRVA,0.8558035714285714,0.9397321428571428,0.953125,3.5576732594178355,0.5915178571428571,0.75,3,‚ùå IGNORE,IGNORE,0.24409311081470714,CROWDED,0.7697114793057986
WRBY,0.8712053571428571,0.9866071428571428,0.9464285714285714,3.444446522991047,0.7410714285714286,0.4642857142857143,3,‚ùå IGNORE,IGNORE,0.16145266401937716,CROWDED,0.7673798185181611
PENN,0.8329241071428571,0.9799107142857144,0.96875,3.7499120747482566,0.5758928571428571,0.3571428571428571,3,‚ùå IGNORE,IGNORE,0.20962655833631869,CROWDED,0.7648270973815495
DELL,0.9184782608695652,0.9130434782608696,0.9347826086956522,0.9937648510734464,0.9347826086956522,0.8478260869565217,3,‚ö†Ô∏è OVERHEATED,IGNORE,0.13318359256053605,CROWDED,0.7635932402512378
FIGS,0.8147321428571428,0.9665178571428572,0.9620535714285714,3.690253567088536,0.4966517857142857,0.4040178571428571,2,‚ùå IGNORE,IGNORE,0.24313896115924105,CROWDED,0.7602349350889911
CZR,0.8556919642857143,0.9888392857142856,0.9241071428571428,2.8298914598605203,0.7455357142857143,0.3705357142857143,3,‚ùå IGNORE,IGNORE,0.17615706588772947,CROWDED,0.7600974846061173
VAC,0.9204241071428572,0.9776785714285714,0.8816964285714286,2.3664914914914914,0.9107142857142856,0.875,3,‚ö†Ô∏è OVERHEATED,IGNORE,0.09052002123041421,CROWDED,0.7581486471032257
BSY,0.875111607142857,0.9709821428571428,0.9196428571428572,2.794516082603381,0.765625,0.6026785714285714,3,‚ùå IGNORE,IGNORE,0.14911732240358466,CROWDED,0.7579931073378597
NATL,0.8706521739130435,0.7608695652173914,1.0,3.807164279241164,0.782608695652174,0.9782608695652174,3,üëÄ WATCH,WATCH,0.28369621345605167,CROWDED,0.757174025299906
NFLX,0.8712837837837838,0.9054054054054054,0.9256756756756755,1.4834284690507529,0.9324324324324323,0.4391891891891892,3,‚ùå IGNORE,IGNORE,0.21145765176924666,CROWDED,0.7570212600835792
JHG,0.8354910714285715,0.8147321428571429,0.984375,5.206686321956671,0.6796875,0.6986607142857143,3,‚ùå IGNORE,IGNORE,0.3083642354615498,CROWDED,0.7556907042351672
HUBS,0.9270089285714286,0.9308035714285714,0.8861607142857143,2.3811107349807843,0.9910714285714286,0.9285714285714286,3,‚ö†Ô∏è OVERHEATED,IGNORE,0.09003802017443557,CROWDED,0.7522040326063157
PRMB,0.8370535714285714,0.9754464285714286,0.9308035714285714,3.093328284309361,0.6729910714285714,0.3526785714285714,3,‚ùå IGNORE,IGNORE,0.16765325051256055,CROWDED,0.7496020786739408
NFLX,0.8570093457943925,0.8785046728971962,0.9158878504672896,1.2082746238493611,0.9252336448598132,0.4392523364485981,3,‚ùå IGNORE,IGNORE,0.23926718220776777,CROWDED,0.7495356794322078
FCN,0.8483258928571429,0.6651785714285714,0.9799107142857144,4.825762260381487,0.875,0.9754464285714286,3,üëÄ WATCH,WATCH,0.4009828540787857,INTERESTING,0.7485447851014715
CHYM,0.8431919642857143,0.9620535714285714,0.9375,3.204926754782157,0.6495535714285714,0.484375,3,‚ùå IGNORE,IGNORE,0.14695343866191155,CROWDED,0.7465781877323824
XYZ,0.8804347826086956,0.9347826086956522,0.8913043478260869,0.8728989061450277,0.8695652173913043,0.6739130434782609,3,‚ùå IGNORE,IGNORE,0.14485419349054737,CROWDED,0.7463621430459355
GDDY,0.8915178571428573,0.921875,0.9174107142857144,2.757908435008193,0.8482142857142857,0.78125,3,‚ùå IGNORE,IGNORE,0.10778645293036956,CROWDED,0.7460215763003597
FTDR,0.910379464285714,0.9821428571428572,0.8459821428571429,2.1442970908558654,0.9084821428571428,0.8883928571428571,3,‚ö†Ô∏è OVERHEATED,IGNORE,0.08094416301648799,CROWDED,0.7459656183175833
HURN,0.9081473214285714,0.875,0.9129464285714286,2.6697648873022244,0.921875,0.9799107142857144,3,‚ö†Ô∏è OVERHEATED,IGNORE,0.12278704763287333,CROWDED,0.7454056238122889
ZS,0.89921875,0.8772321428571429,0.9151785714285714,2.7055361907738167,0.9397321428571428,0.8392857142857143,3,‚ùå IGNORE,IGNORE,0.10252860973236845,CROWDED,0.7386753648036166
ADSK,0.9159362549800796,0.9243027888446216,0.8685258964143426,1.3761366525216574,0.9681274900398408,0.9482071713147412,3,‚ö†Ô∏è OVERHEATED,IGNORE,0.06597622875192409,CROWDED,0.7381354847942095
KNTK,0.8583705357142857,0.8950892857142857,0.9285714285714286,3.0087549134925378,0.7209821428571429,0.7589285714285714,3,‚ùå IGNORE,IGNORE,0.1393279037945077,CROWDED,0.7359459379017587
ADSK,0.9126666666666666,0.9133333333333332,0.88,1.518501898409124,0.9566666666666668,0.9366666666666666,3,‚ö†Ô∏è OVERHEATED,IGNORE,0.058271019485244505,CROWDED,0.7353875372303822
LB,0.90078125,0.9642857142857144,0.8325892857142857,2.116745793339005,0.8973214285714286,0.9241071428571428,3,‚ö†Ô∏è OVERHEATED,IGNORE,0.07408396976398499,CROWDED,0.734504293952797
BWIN,0.8778333333333334,0.9966666666666668,0.8466666666666667,1.3129352364584188,0.8,0.7266666666666667,3,‚ùå IGNORE,IGNORE,0.0720923539870393,CROWDED,0.7342184707974079
ADSK,0.9080786026200872,0.9126637554585152,0.8646288209606987,1.3200540755843693,0.9563318777292577,0.9475982532751092,3,‚ö†Ô∏è OVERHEATED,IGNORE,0.06314059554393357,CROWDED,0.7313180754406644
XRAY,0.8354729729729728,0.9662162162162162,0.9054054054054054,1.2150668379330418,0.6351351351351351,0.5337837837837838,2,‚ùå IGNORE,IGNORE,0.11274853550583608,CROWDED,0.7310632206146808
CELH,0.8279017857142856,0.8482142857142857,0.9419642857142856,3.304667473189653,0.7232142857142857,0.5669642857142857,3,‚ùå IGNORE,IGNORE,0.2044094161435635,CROWDED,0.7300783118001413
BWIN,0.8817757009345794,0.9906542056074766,0.8317757009345794,0.6438786098106265,0.8130841121495327,0.8130841121495327,0,‚ùå IGNORE,IGNORE,0.06323913499747652,CROWDED,0.7298440886817383
TEAM,0.8495535714285714,0.9129464285714286,0.8638392857142857,2.2562045356146414,0.8258928571428571,0.625,3,‚ùå IGNORE,IGNORE,0.17026340286158465,CROWDED,0.7292312520008883
XRAY,0.833578431372549,0.9754901960784312,0.9019607843137256,1.433362420046261,0.6372549019607843,0.4901960784313725,2,‚ùå IGNORE,IGNORE,0.10040446547470078,CROWDED,0.7290024617223911
CRSP,0.8699776785714285,0.9553571428571428,0.8370535714285714,2.127097858994897,0.8392857142857143,0.7477678571428571,3,‚ùå IGNORE,IGNORE,0.11253333083985403,CROWDED,0.7289798804536851
BWIN,0.8814189189189189,0.9932432432432432,0.8378378378378378,0.8246224830719092,0.8040540540540541,0.7972972972972973,3,‚ùå IGNORE,IGNORE,0.050864624850189416,CROWDED,0.7289567087538217
SHAK,0.8732142857142857,0.859375,0.921875,2.798591791367545,0.8370535714285714,0.8236607142857143,3,‚ùå IGNORE,IGNORE,0.11602746542963847,CROWDED,0.728741207371642
ACN,0.8780133928571429,0.9017857142857144,0.8415178571428571,2.1320315840584603,0.9575892857142856,0.7633928571428571,3,‚ùå IGNORE,IGNORE,0.1381091834346174,CROWDED,0.727487908115495
XRAY,0.8255,0.98,0.91,1.8212593316563832,0.6033333333333334,0.4333333333333333,2,‚ùå IGNORE,IGNORE,0.0951846918688461,CROWDED,0.7272369383737692
DAVE,0.9032366071428573,0.953125,0.7901785714285714,1.862086029777289,0.9799107142857144,0.9709821428571428,3,‚ö†Ô∏è OVERHEATED,IGNORE,0.08299811609100656,CROWDED,0.7265549803610585
PSKY,0.8087837837837838,0.945945945945946,0.945945945945946,2.1913986169131845,0.5405405405405406,0.3851351351351351,2,‚ùå IGNORE,IGNORE,0.11159959040984169,CROWDED,0.7242118099738604
NFLX,0.7815217391304348,0.8043478260869565,0.8695652173913043,0.6719821652007492,0.8478260869565217,0.2608695652173913,2,‚ùå IGNORE,IGNORE,0.3834677011502619,CROWDED,0.7240848445778785
VCYT,0.8427455357142857,0.9084821428571428,0.8883928571428571,2.3916943521594685,0.6763392857142857,0.7857142857142857,3,‚ùå IGNORE,IGNORE,0.13660233729790333,CROWDED,0.723793681745295
XRAY,0.8270742358078602,0.9737991266375546,0.9039301310043668,1.5876162030054153,0.611353711790393,0.4759825327510917,2,‚ùå IGNORE,IGNORE,0.08416966019977459,CROWDED,0.7232094778914833
XRAY,0.8250996015936256,0.9760956175298804,0.904382470119522,1.6593559416059438,0.6095617529880478,0.450199203187251,2,‚ùå IGNORE,IGNORE,0.08435878513075747,CROWDED,0.7230072151934823
BTSG,0.8465,0.9166666666666666,0.8933333333333333,1.6431086781573618,0.6833333333333333,0.7633333333333333,3,‚ùå IGNORE,IGNORE,0.11136270838630768,CROWDED,0.7228725416772616
BWIN,0.8749003984063745,0.9920318725099602,0.8247011952191236,1.1621759237799116,0.8167330677290837,0.7569721115537849,3,‚ùå IGNORE,IGNORE,0.041899249277037226,CROWDED,0.7216866227637739
BWIN,0.8759803921568627,0.9950980392156864,0.8186274509803921,0.9511750715811318,0.8161764705882353,0.7794117647058824,3,‚ùå IGNORE,IGNORE,0.03718020123536524,CROWDED,0.7205732951490338
XRAY,0.8219626168224299,0.9439252336448598,0.897196261682243,0.9716317645952404,0.616822429906542,0.5420560747663551,2,‚ùå IGNORE,IGNORE,0.1135094490100622,CROWDED,0.719711235596405
BWIN,0.8735807860262009,0.9956331877729258,0.8165938864628821,1.0764340294739545,0.8056768558951966,0.7816593886462883,3,‚ùå IGNORE,IGNORE,0.03452666081435757,CROWDED,0.7187830614205134
MARA,0.7602803738317756,0.9532710280373832,0.8878504672897196,0.8885627681880703,0.5420560747663551,0.0747663551401869,2,‚ùå IGNORE,IGNORE,0.2315383586135284,CROWDED,0.7186441203208366
ADSK,0.8887254901960784,0.8627450980392157,0.8627450980392157,1.175378729789842,0.9509803921568628,0.946078431372549,3,üëÄ WATCH,WATCH,0.07559228273233407,CROWDED,0.7157066918405846
ADSK,0.883108108108108,0.831081081081081,0.8716216216216216,0.9565455232229624,0.9527027027027029,0.9662162162162162,0,üëÄ WATCH,WATCH,0.10302066599167825,CROWDED,0.7143879169821195
MARA,0.7343333333333333,0.96,0.9066666666666666,1.8189985696165425,0.3833333333333333,0.0433333333333333,2,‚ùå IGNORE,IGNORE,0.22227738836295227,CROWDED,0.7115221443392572
TKO,0.8882812499999999,0.890625,0.8303571428571429,2.10788859372906,0.9598214285714286,0.9397321428571428,3,üëÄ WATCH,WATCH,0.05959992857276123,CROWDED,0.7114289142859809
MARA,0.7458167330677291,0.9681274900398408,0.896414342629482,1.6277413927162143,0.4382470119521912,0.0557768924302788,2,‚ùå IGNORE,IGNORE,0.19778692417280264,CROWDED,0.7107924445955167
AXON,0.8756696428571429,0.7723214285714286,0.8794642857142857,2.323665238956324,0.9955357142857144,0.984375,3,üëÄ WATCH,WATCH,0.14841690863590207,CROWDED,0.7103083817271806
GWRE,0.8619419642857142,0.8102678571428571,0.9017857142857144,2.536239033423393,0.8794642857142857,0.8683035714285714,3,üëÄ WATCH,WATCH,0.11534056113449095,CROWDED,0.7102556122268983
BCRX,0.7785000000000001,0.9666666666666668,0.9233333333333332,2.05800159560374,0.4,0.37,2,‚ùå IGNORE,IGNORE,0.10387134774287425,CROWDED,0.710174269548575
LSTR,0.8848214285714285,0.9285714285714286,0.7857142857142857,1.852341910112569,0.9464285714285714,0.9553571428571428,3,üëÄ WATCH,WATCH,0.06424443229086321,CROWDED,0.7096346007438868
TFX,0.8607142857142858,0.8303571428571429,0.8839285714285714,2.370334763567333,0.8504464285714286,0.90625,3,üëÄ WATCH,WATCH,0.11213252633038945,CROWDED,0.7095693624089352
DUOL,0.818861607142857,0.6897321428571429,0.9553571428571428,3.567059713037185,0.8080357142857143,0.8147321428571429,3,‚ùå IGNORE,IGNORE,0.2608714523405802,CROWDED,0.708736790468116
XMTR,0.8364955357142858,0.8995535714285714,0.8526785714285714,2.2156961990761856,0.71875,0.7946428571428571,3,‚ùå IGNORE,IGNORE,0.10650442056704325,CROWDED,0.7063455269705515
BTSG,0.8615196078431373,0.9558823529411764,0.803921568627451,0.8745621714996565,0.8235294117647058,0.8088235294117647,0,‚ùå IGNORE,IGNORE,0.0345553848555052,CROWDED,0.7034797044220815
BTSG,0.8600436681222706,0.9563318777292577,0.8034934497816594,1.0345375275254916,0.8056768558951966,0.8296943231441049,0,‚ùå IGNORE,IGNORE,0.03520620638881869,CROWDED,0.7030237740288554
BTSG,0.8531872509960159,0.952191235059761,0.8127490039840638,1.137172015529241,0.7729083665338645,0.8087649402390438,0,‚ùå IGNORE,IGNORE,0.038794910601152394,CROWDED,0.7020219303274019
AES,0.7795,0.9333333333333332,0.9166666666666666,1.9442070763971344,0.48,0.36,2,‚ùå IGNORE,IGNORE,0.0770293366474775,CROWDED,0.6972058673294954
ARX,0.8005,0.9733333333333334,0.81,1.1812790019030723,0.5466666666666666,0.67,2,‚ùå IGNORE,IGNORE,0.10083810577142108,CROWDED,0.6970342878209509
MARA,0.7307860262008733,0.9432314410480348,0.8951965065502183,1.5400885321223263,0.408296943231441,0.056768558951965,2,‚ùå IGNORE,IGNORE,0.18405523439325724,CROWDED,0.6968110468786514
PCTY,0.8582589285714285,0.90625,0.7723214285714286,1.801716557456073,0.8928571428571429,0.921875,3,üëÄ WATCH,WATCH,0.08755594294818947,CROWDED,0.696529045732495
GLOB,0.8336666666666667,0.89,0.8566666666666667,1.338902848009865,0.7,0.8233333333333334,0,‚ùå IGNORE,IGNORE,0.05748409437193297,CROWDED,0.6942968188743867
AES,0.7881756756756757,0.8918918918918919,0.9121621621621622,1.228847396978051,0.5506756756756757,0.4662162162162162,2,‚ùå IGNORE,IGNORE,0.0861731577719688,CROWDED,0.6933157126354749
EFXT,0.8135044642857142,0.984375,0.7053571428571429,1.6177551052079662,0.7120535714285714,0.796875,0,‚ùå IGNORE,IGNORE,0.1448761654137199,CROWDED,0.6923234473684583
MARA,0.7317567567567567,0.9256756756756755,0.8986486486486487,1.1352552433249146,0.429054054054054,0.0743243243243243,2,‚ùå IGNORE,IGNORE,0.17053206672922439,CROWDED,0.6916739809134124
TTAN,0.8376116071428571,0.9508928571428572,0.7209821428571429,1.641503326322146,0.8616071428571429,0.8013392857142857,0,‚ùå IGNORE,IGNORE,0.10665371072191238,CROWDED,0.6907503850015253
MARA,0.7144607843137254,0.9264705882352942,0.8921568627450981,1.3870999803454989,0.3578431372549019,0.0637254901960784,2,‚ùå IGNORE,IGNORE,0.2016025309718162,CROWDED,0.6898303101159319
SSL,0.7878378378378379,0.9527027027027029,0.8581081081081081,0.8940493018794142,0.4594594594594595,0.6216216216216216,2,‚ùå IGNORE,IGNORE,0.06187436982139374,CROWDED,0.6896721712615761
TIGO,0.818861607142857,0.7991071428571429,0.8772321428571429,2.2888351298608227,0.7477678571428571,0.8258928571428571,3,‚ùå IGNORE,IGNORE,0.13070877213107435,CROWDED,0.6889542544262149
AES,0.7825980392156863,0.9068627450980392,0.9117647058823528,1.5240059745491832,0.5196078431372549,0.4215686274509804,2,‚ùå IGNORE,IGNORE,0.06043947500477148,CROWDED,0.6888526008833072
BTSG,0.841891891891892,0.9324324324324323,0.7702702702702703,0.6309169857707579,0.8175675675675675,0.8243243243243243,0,‚ùå IGNORE,IGNORE,0.05676788342964354,CROWDED,0.688650873983226
IBP,0.8652901785714286,0.8616071428571429,0.765625,1.7472245859789226,0.9821428571428572,0.9933035714285714,0,üëÄ WATCH,WATCH,0.0850498011943202,CROWDED,0.6885724602388641
MARA,0.7239130434782608,0.8913043478260869,0.8478260869565217,0.4767931989822975,0.5434782608695652,0.0652173913043478,2,‚ùå IGNORE,IGNORE,0.2472372733055824,CROWDED,0.6868387590089425
SM,0.7819999999999999,0.9533333333333334,0.7933333333333333,1.1106995560655304,0.62,0.4666666666666667,2,‚ùå IGNORE,IGNORE,0.12078417946902743,CROWDED,0.6862901692271387
BCRX,0.7681274900398405,0.9641434262948207,0.8844621513944223,1.5348264889526402,0.4063745019920319,0.398406374501992,2,‚ùå IGNORE,IGNORE,0.04600477625410839,CROWDED,0.6861730668046064
SSL,0.7843137254901961,0.965686274509804,0.8284313725490197,1.005199995444151,0.4852941176470588,0.5931372549019608,2,‚ùå IGNORE,IGNORE,0.054912503544139235,CROWDED,0.6835315203166711
AES,0.772707423580786,0.9039301310043668,0.9170305676855895,1.6886475820294045,0.4716157205240174,0.4104803493449782,2,‚ùå IGNORE,IGNORE,0.0482964222873266,CROWDED,0.6829343936277711
GSAT,0.8363333333333334,0.9566666666666668,0.71,0.9134924081910542,0.8133333333333334,0.9033333333333332,0,üëÄ WATCH,WATCH,0.07418383044809199,CROWDED,0.6827034327562851
ADSK,0.8420560747663552,0.7476635514018691,0.8411214953271028,0.7459131970568226,0.9532710280373832,0.9532710280373832,0,üëÄ WATCH,WATCH,0.1363155854261669,CROWDED,0.6818425563375698
DRD,0.8006666666666667,0.83,0.8633333333333333,1.424163843644792,0.5833333333333334,0.9133333333333332,0,üëÄ WATCH,WATCH,0.1141965784726101,CROWDED,0.6817726490278554
AES,0.7679282868525896,0.9123505976095616,0.9083665338645418,1.754287668466141,0.4601593625498008,0.3864541832669322,2,‚ùå IGNORE,IGNORE,0.04965560660481953,CROWDED,0.6812458623568205
WIX,0.818638392857143,0.9174107142857144,0.7410714285714286,1.676864372030767,0.8058035714285714,0.7700892857142857,0,‚ùå IGNORE,IGNORE,0.11023583587263297,CROWDED,0.6811989528888125
GLOB,0.8241035856573705,0.8804780876494024,0.8366533864541833,1.2085387918069022,0.6872509960159362,0.8565737051792829,0,üëÄ WATCH,WATCH,0.04031496309559168,CROWDED,0.6811307217027837
PSKY,0.7644859813084112,0.8878504672897196,0.9252336448598132,1.393276366920166,0.4579439252336448,0.3831775700934579,2,‚ùå IGNORE,IGNORE,0.06184543197898765,CROWDED,0.6807803013490685
SSL,0.7771028037383177,0.9345794392523364,0.8504672897196262,0.7466928965455275,0.4392523364485981,0.6448598130841121,2,‚ùå IGNORE,IGNORE,0.06281479197537256,CROWDED,0.6804134256847941
LION,0.7723039215686274,0.9607843137254902,0.8382352941176471,1.0121435073931433,0.4779411764705882,0.4705882352941176,2,‚ùå IGNORE,IGNORE,0.05669296165991908,CROWDED,0.6800640825280623
SBAC,0.8383333333333334,0.7833333333333333,0.83,1.2944964749771566,0.8866666666666667,0.9633333333333334,0,üëÄ WATCH,WATCH,0.10375105595462404,CROWDED,0.6787502111909248
GLOB,0.8213973799126637,0.8602620087336245,0.8427947598253275,1.1305795537703844,0.6899563318777293,0.8733624454148472,0,üëÄ WATCH,WATCH,0.037317277564969026,CROWDED,0.6766337611898497
BCRX,0.7626637554585153,0.9519650655021834,0.868995633187773,1.3742262697381151,0.4148471615720524,0.4235807860262008,2,‚ùå IGNORE,IGNORE,0.03081085090176202,CROWDED,0.6754198121017497
ARX,0.7862445414847161,0.960698689956332,0.7903930131004366,0.9676366366004132,0.4978165938864629,0.7379912663755459,2,‚ùå IGNORE,IGNORE,0.053217731167818416,CROWDED,0.6753597034388039
SSL,0.7658333333333333,0.97,0.8333333333333334,1.2992920716837533,0.41,0.5266666666666666,2,‚ùå IGNORE,IGNORE,0.04148882376149972,CROWDED,0.6752977647523
SSL,0.7707423580786027,0.965065502183406,0.8253275109170306,1.1003495348604708,0.4279475982532751,0.5851528384279476,2,‚ùå IGNORE,IGNORE,0.04365412609830604,CROWDED,0.6751063710711895
NWN,0.8178333333333333,0.9233333333333332,0.72,0.9311250681526904,0.7366666666666667,0.9533333333333334,0,üëÄ WATCH,WATCH,0.09497936487671617,CROWDED,0.6747958729753433
IQV,0.8126116071428572,0.7142857142857143,0.8549107142857143,2.216564612645417,0.8883928571428571,0.8571428571428571,3,üëÄ WATCH,WATCH,0.17217922433069807,CROWDED,0.6733197734375682
NMM,0.8148333333333333,0.8233333333333334,0.8066666666666666,1.135565755338256,0.7266666666666667,0.99,0,üëÄ WATCH,WATCH,0.10638107057906634,CROWDED,0.6732095474491466
SSL,0.7647410358565736,0.9601593625498008,0.8286852589641435,1.1871688309058672,0.4143426294820717,0.5577689243027888,2,‚ùå IGNORE,IGNORE,0.03917453148775558,CROWDED,0.6715002449429694
EXPE,0.8303571428571427,0.8526785714285714,0.7276785714285714,1.654869694560912,0.9553571428571428,0.8616071428571429,0,üëÄ WATCH,WATCH,0.11531307336484632,CROWDED,0.6712769003872548
TMDX,0.8419213973799127,0.8995633187772926,0.7074235807860262,0.7840152655831704,0.9170305676855895,0.960698689956332,0,üëÄ WATCH,WATCH,0.051429033684953405,CROWDED,0.6684517456016196
TMDX,0.8390438247011953,0.8884462151394422,0.7211155378486056,0.841115446641331,0.896414342629482,0.9641434262948207,0,üëÄ WATCH,WATCH,0.05253245461284444,CROWDED,0.6680363714006567
TMDX,0.8378333333333332,0.8933333333333333,0.7166666666666667,0.9158333623062048,0.8933333333333333,0.9566666666666668,0,üëÄ WATCH,WATCH,0.0540038339036642,CROWDED,0.6679341001140661
YOU,0.8048333333333333,0.8666666666666667,0.8166666666666667,1.210089169403176,0.6733333333333333,0.81,0,‚ùå IGNORE,IGNORE,0.046179195153679534,CROWDED,0.667835839030736
LION,0.7597972972972973,0.9594594594594594,0.7905405405405406,0.6792710307269275,0.4729729729729729,0.527027027027027,2,‚ùå IGNORE,IGNORE,0.0661320454575964,CROWDED,0.6671453280104382
LION,0.7498333333333335,0.9633333333333334,0.8266666666666667,1.2878666474812503,0.4066666666666667,0.42,2,‚ùå IGNORE,IGNORE,0.04497567789677791,CROWDED,0.666928468912689
PENN,0.7334999999999999,0.85,0.9133333333333332,1.9052902785699608,0.355,0.4533333333333333,2,‚ùå IGNORE,IGNORE,0.10421665659428644,CROWDED,0.666909997985524
AES,0.7462616822429906,0.822429906542056,0.9065420560747663,0.9840442359720528,0.4672897196261682,0.4766355140186916,2,‚ùå IGNORE,IGNORE,0.11149415304575588,CROWDED,0.6665978960297119
TIGO,0.7966666666666665,0.75,0.8766666666666667,1.4871864043413208,0.6966666666666667,0.88,0,üëÄ WATCH,WATCH,0.1107565785048008,CROWDED,0.6661513157009602
BTSG,0.814018691588785,0.9065420560747663,0.719626168224299,0.4422891775810583,0.8037383177570093,0.8411214953271028,0,‚ùå IGNORE,IGNORE,0.07352639671621641,CROWDED,0.6655464008385704
YOU,0.8085657370517928,0.8764940239043825,0.8007968127490039,1.1056806635155534,0.6872509960159362,0.8406374501992032,0,‚ùå IGNORE,IGNORE,0.029320950517590882,CROWDED,0.6647486522549126
NXST,0.83515625,0.7901785714285714,0.7700892857142857,1.7951255103466477,0.9508928571428572,0.9888392857142856,0,üëÄ WATCH,WATCH,0.08973432895842649,CROWDED,0.6640629372202567
BCRX,0.75,0.9362745098039216,0.8480392156862745,1.1132591485383527,0.4117647058823529,0.4313725490196078,2,‚ùå IGNORE,IGNORE,0.03260701153300315,CROWDED,0.6633841474046399
ARX,0.7745019920318725,0.9561752988047808,0.7808764940239044,1.024641584959512,0.4820717131474104,0.701195219123506,2,‚ùå IGNORE,IGNORE,0.030279445294762022,CROWDED,0.6632670444374384
LII,0.8451666666666666,0.86,0.7033333333333334,0.904806935949072,0.9933333333333332,0.9933333333333332,0,üëÄ WATCH,WATCH,0.05717247348280805,CROWDED,0.662167828029895
CPNG,0.7266355140186915,0.8130841121495327,0.8785046728971962,0.8726863226936749,0.5233644859813084,0.2990654205607476,2,‚ùå IGNORE,IGNORE,0.15944537247285265,CROWDED,0.660861037111393
LION,0.7458515283842794,0.9388646288209608,0.834061135371179,1.1242909977935576,0.3930131004366812,0.4672489082969432,2,‚ùå IGNORE,IGNORE,0.030987648895148115,CROWDED,0.6591232939711694
LION,0.7398406374501992,0.9482071713147412,0.8207171314741036,1.1558048383849946,0.3824701195219123,0.4422310756972111,2,‚ùå IGNORE,IGNORE,0.04618525184043678,CROWDED,0.6589581659059359
ARX,0.7713235294117645,0.946078431372549,0.7647058823529411,0.7488185827446737,0.4950980392156863,0.7352941176470589,2,‚ùå IGNORE,IGNORE,0.038979877839725154,CROWDED,0.6584822500777489
YOU,0.8030567685589519,0.851528384279476,0.8078602620087336,1.0421543945819292,0.6812227074235808,0.8602620087336245,0,üëÄ WATCH,WATCH,0.02458102822644457,CROWDED,0.6580166423265117
TAC,0.758,0.9466666666666668,0.7866666666666666,1.0937374295177,0.43,0.6533333333333333,2,‚ùå IGNORE,IGNORE,0.036366553733508236,CROWDED,0.6571399774133684
FWONK,0.8105,0.9433333333333334,0.6466666666666666,0.830662111258712,0.84,0.86,0,üëÄ WATCH,WATCH,0.0713812209974695,CROWDED,0.6564762441994939
LION,0.7369158878504674,0.9252336448598132,0.8037383177570093,0.5359893413290111,0.3925233644859813,0.5327102803738317,2,‚ùå IGNORE,IGNORE,0.07588630042397436,CROWDED,0.6557380077483465
PENN,0.7191235059760955,0.8286852589641435,0.900398406374502,1.6287177343971349,0.3286852589641434,0.4820717131474104,2,‚ùå IGNORE,IGNORE,0.11115480877602715,CROWDED,0.6556970972133728
LII,0.8386454183266931,0.8406374501992032,0.7051792828685259,0.8000520110211784,0.9880478087649402,1.0,0,üëÄ WATCH,WATCH,0.05151020237192366,CROWDED,0.654923554418608
BCRX,0.7331081081081081,0.918918918918919,0.8243243243243243,0.7764738219149852,0.3783783783783784,0.4729729729729729,2,‚ùå IGNORE,IGNORE,0.059566062516225794,CROWDED,0.6538051043951371
MSGS,0.834,0.8166666666666667,0.7366666666666667,0.9471088746569076,0.9533333333333334,0.9966666666666668,0,üëÄ WATCH,WATCH,0.047345513988557235,CROWDED,0.6537357694643781
PENN,0.7269607843137256,0.8186274509803921,0.8970588235294118,1.398817761391261,0.375,0.5147058823529411,2,‚ùå IGNORE,IGNORE,0.09676749989889537,CROWDED,0.6532750686072302
DEO,0.8065737051792828,0.848605577689243,0.7649402390438247,0.909191698250033,0.7689243027888446,0.8804780876494024,0,üëÄ WATCH,WATCH,0.03804227199229039,CROWDED,0.6529470998167848
BWIN,0.7902173913043478,0.9565217391304348,0.6304347826086957,0.2603670516418198,0.7608695652173914,0.8260869565217391,0,‚ùå IGNORE,IGNORE,0.09375449783114066,CROWDED,0.6522291604357934
DEO,0.803921568627451,0.8088235294117647,0.7892156862745098,0.8268178448790964,0.7843137254901961,0.8774509803921569,0,üëÄ WATCH,WATCH,0.05465494210704711,CROWDED,0.6521074590096447
CPNG,0.6945652173913043,0.782608695652174,0.7608695652173914,0.3834572106261689,0.6630434782608695,0.217391304347826,2,‚ùå IGNORE,IGNORE,0.32246919537662927,CROWDED,0.6510155782057607
CAI,0.7682432432432433,0.9391891891891893,0.668918918918919,0.4889639930627248,0.668918918918919,0.7162162162162162,0,‚ùå IGNORE,IGNORE,0.10988593872128201,CROWDED,0.6508961066631754
CPNG,0.7098039215686275,0.8284313725490197,0.8676470588235294,1.186652689999693,0.4509803921568627,0.2598039215686274,2,‚ùå IGNORE,IGNORE,0.1376178324889523,CROWDED,0.6506608213997512
CPNG,0.7065502183406114,0.8427947598253275,0.8602620087336245,1.2744424848543716,0.4235807860262008,0.2576419213973799,2,‚ùå IGNORE,IGNORE,0.13492707547372476,CROWDED,0.6502168561427799
PENN,0.7072052401746725,0.7903930131004366,0.8995633187772926,1.582263049701664,0.3253275109170305,0.5065502183406113,2,‚ùå IGNORE,IGNORE,0.14345635619862807,CROWDED,0.6495646336851404
YOU,0.7943627450980393,0.8529411764705882,0.7696078431372549,0.7749252872166849,0.7107843137254902,0.8431372549019608,0,‚ùå IGNORE,IGNORE,0.03594844360195362,CROWDED,0.6494445906811751
KC,0.7434579439252336,0.8504672897196262,0.822429906542056,0.5905734814336918,0.411214953271028,0.7570093457943925,2,‚ùå IGNORE,IGNORE,0.08732577418041222,CROWDED,0.6494277716585123
MORN,0.8121651785714286,0.7633928571428571,0.7566964285714286,1.7238462146356883,0.9174107142857144,0.9665178571428572,0,üëÄ WATCH,WATCH,0.10233475390201369,CROWDED,0.6493508793518313
SM,0.744820717131474,0.9362549800796812,0.7171314741035857,0.8400981112721579,0.5816733067729084,0.49800796812749,2,‚ùå IGNORE,IGNORE,0.10215365745023507,CROWDED,0.64903630917929
DEO,0.8028384279475983,0.8253275109170306,0.7685589519650655,0.876689705628365,0.777292576419214,0.8951965065502183,0,üëÄ WATCH,WATCH,0.045299135022152465,CROWDED,0.648972490759889
GLOB,0.7857843137254902,0.7941176470588235,0.8235294117647058,0.9651522475348724,0.6715686274509803,0.8529411764705882,0,üëÄ WATCH,WATCH,0.054384231945381806,CROWDED,0.6487199836439783
TYL,0.8114955357142857,0.7075892857142857,0.7767857142857143,1.838340604874952,0.96875,0.9821428571428572,0,üëÄ WATCH,WATCH,0.13522853786508962,CROWDED,0.6485189218587322
DEO,0.7995,0.84,0.7633333333333333,1.0069288524108309,0.7633333333333333,0.8566666666666667,0,üëÄ WATCH,WATCH,0.04014572784345709,CROWDED,0.6484958122353581
TMDX,0.8235294117647058,0.8676470588235294,0.6813725490196079,0.6303672244613052,0.9264705882352942,0.9607843137254902,0,üëÄ WATCH,WATCH,0.04220339051447861,CROWDED,0.6476563643774055
UTI,0.7793333333333334,0.93,0.67,0.863513048600435,0.67,0.8533333333333334,0,üëÄ WATCH,WATCH,0.07594268608294037,CROWDED,0.6469218705499216
DRD,0.7661764705882353,0.7549019607843137,0.8333333333333334,1.0078004551795023,0.5882352941176471,0.9264705882352942,0,üëÄ WATCH,WATCH,0.11305893611777137,CROWDED,0.646729434282378
DRD,0.7528384279475983,0.7336244541484717,0.8471615720524017,1.1830707835590002,0.5327510917030568,0.9301310043668122,0,üëÄ WATCH,WATCH,0.14584393523106004,CROWDED,0.6464613634654259
CPNG,0.6989864864864865,0.7905405405405406,0.8918918918918919,1.034634757087335,0.402027027027027,0.2972972972972973,2,‚ùå IGNORE,IGNORE,0.15110197647816548,CROWDED,0.6463014763767142
SSL,0.7347826086956522,0.8695652173913043,0.782608695652174,0.3952534380841136,0.5,0.5652173913043478,2,‚ùå IGNORE,IGNORE,0.10916123773286068,CROWDED,0.6461800736335286
CPNG,0.6814741035856573,0.8087649402390438,0.8605577689243028,1.3197338071539542,0.3705179282868526,0.2310756972111553,2,‚ùå IGNORE,IGNORE,0.18858369979648054,CROWDED,0.6441709232262284
WING,0.8121651785714287,0.8571428571428571,0.6361607142857143,1.4166761011962157,0.9665178571428572,0.9620535714285714,0,üëÄ WATCH,WATCH,0.10126652442312974,CROWDED,0.6437800905989117
DRD,0.7434262948207171,0.7051792828685259,0.8565737051792829,1.2534767743085782,0.5179282868525896,0.9322709163346612,0,üëÄ WATCH,WATCH,0.16989894485995882,CROWDED,0.6437009045098403
SM,0.7441048034934497,0.9301310043668122,0.7117903930131004,0.7864105212431957,0.5851528384279476,0.5240174672489083,2,‚ùå IGNORE,IGNORE,0.08819443906179388,CROWDED,0.6436650886857211
DK,0.766421568627451,0.8431372549019608,0.75,0.7257593352354977,0.6299019607843137,0.8284313725490197,0,‚ùå IGNORE,IGNORE,0.08904008135847954,CROWDED,0.6430040947030685
KC,0.755392156862745,0.9215686274509804,0.7549019607843137,0.7389219583176795,0.4779411764705882,0.7303921568627451,2,‚ùå IGNORE,IGNORE,0.023715939771225315,CROWDED,0.642194168346402
FWONK,0.801394422310757,0.9203187250996016,0.6294820717131474,0.6875562981092934,0.852589641434263,0.8844621513944223,0,üëÄ WATCH,WATCH,0.057257982930023876,CROWDED,0.6419695248728575
TAC,0.7356573705179282,0.9163346613545816,0.7689243027888446,0.9194080537985106,0.3864541832669322,0.6852589641434262,2,‚ùå IGNORE,IGNORE,0.051225876875669936,CROWDED,0.6415599164109906
ARX,0.7479729729729729,0.8986486486486487,0.7635135135135135,0.6159913744709951,0.4527027027027027,0.7567567567567568,2,‚ùå IGNORE,IGNORE,0.035953334021840276,CROWDED,0.6388122884259897
TAC,0.7443231441048035,0.925764192139738,0.7554585152838428,0.8537843546463306,0.4192139737991266,0.7205240174672489,2,‚ùå IGNORE,IGNORE,0.022853617382056844,CROWDED,0.6385445226030491
KC,0.7486899563318776,0.9344978165938864,0.7379912663755459,0.8288366113334109,0.4497816593886463,0.7336244541484717,2,‚ùå IGNORE,IGNORE,0.022099429235302646,CROWDED,0.6383936849736981
LII,0.8203056768558952,0.8034934497816594,0.6943231441048034,0.7378085736514746,0.982532751091703,0.9956331877729258,0,üëÄ WATCH,WATCH,0.04971561954032278,CROWDED,0.6376287134277152
PENN,0.7043918918918919,0.8040540540540541,0.8513513513513513,0.8743712215350163,0.3513513513513513,0.5472972972972973,2,‚ùå IGNORE,IGNORE,0.12310612623911288,CROWDED,0.6374590630856605
KC,0.7426294820717132,0.9402390438247012,0.7250996015936255,0.8475025052663315,0.450199203187251,0.6972111553784861,2,‚ùå IGNORE,IGNORE,0.02684234039515915,CROWDED,0.6354879899913825
CAI,0.7495098039215686,0.931372549019608,0.6666666666666666,0.5935552086113013,0.6078431372549019,0.6862745098039216,2,‚ùå IGNORE,IGNORE,0.07815112294653832,CROWDED,0.63504198929519
SM,0.7352941176470589,0.8970588235294118,0.7205882352941176,0.6797641581799769,0.5784313725490197,0.5343137254901961,2,‚ùå IGNORE,IGNORE,0.08363511444651327,CROWDED,0.634374081712832
IQV,0.7918333333333333,0.8033333333333333,0.7066666666666667,0.9105595810702328,0.8633333333333333,0.9066666666666666,0,üëÄ WATCH,WATCH,0.07777062792474945,CROWDED,0.6342874589182832
KC,0.7378378378378379,0.8716216216216216,0.777027027027027,0.6595329386871701,0.429054054054054,0.75,2,‚ùå IGNORE,IGNORE,0.046579220723089725,CROWDED,0.6341807090094829
CNK,0.747410358565737,0.9322709163346612,0.6613545816733067,0.7160837175118594,0.6215139442231076,0.6533864541832669,2,‚ùå IGNORE,IGNORE,0.08193989262968661,CROWDED,0.6340772215538257
LII,0.8154411764705881,0.8137254901960784,0.6715686274509803,0.6017782611125201,0.9803921568627452,0.9950980392156864,0,üëÄ WATCH,WATCH,0.0503104035813039,CROWDED,0.6332973748339078
FWONK,0.7919213973799126,0.9082969432314412,0.6157205240174672,0.6406736210943897,0.8427947598253275,0.8995633187772926,0,üëÄ WATCH,WATCH,0.050664433175059136,CROWDED,0.6317049390367586
KC,0.7218333333333333,0.94,0.6966666666666667,0.8967994295100457,0.4133333333333333,0.6633333333333333,2,‚ùå IGNORE,IGNORE,0.07269844673105696,CROWDED,0.6306063560128781
XRAY,0.7054347826086955,0.8478260869565217,0.6956521739130435,0.3277264626787315,0.6086956521739131,0.4347826086956521,2,‚ùå IGNORE,IGNORE,0.1864525645110308,CROWDED,0.6281600781195975
TMDX,0.7925675675675674,0.7837837837837838,0.6891891891891891,0.4981519765292996,0.8918918918918919,0.9864864864864864,0,üëÄ WATCH,WATCH,0.07675251727250071,CROWDED,0.6269721250761218
ROKU,0.7645000000000002,0.88,0.6166666666666667,0.7791128599907351,0.8033333333333333,0.8,0,‚ùå IGNORE,IGNORE,0.0830620766641377,CROWDED,0.6217457486661611
BVN,0.747,0.9066666666666666,0.62,0.7810995300418592,0.6766666666666666,0.7733333333333333,0,‚ùå IGNORE,IGNORE,0.0870378270937873,CROWDED,0.6215408987520908
CAI,0.72,0.9366666666666666,0.6433333333333333,0.8271138947148959,0.53,0.61,2,‚ùå IGNORE,IGNORE,0.07862839172585609,CROWDED,0.6197256783451712
DEO,0.760472972972973,0.7567567567567568,0.722972972972973,0.5436628194497038,0.7702702702702703,0.8851351351351351,0,üëÄ WATCH,WATCH,0.09406859773761422,CROWDED,0.618948854682658
BCRX,0.6560747663551402,0.8411214953271028,0.7289719626168224,0.4468503718490325,0.2990654205607476,0.4672897196261682,2,‚ùå IGNORE,IGNORE,0.21151182891284068,CROWDED,0.6187509639134093
NMM,0.7320717131474104,0.6454183266932271,0.7848605577689243,1.029479145879066,0.6613545816733067,0.9920318725099602,0,üëÄ WATCH,WATCH,0.19891481387083262,CROWDED,0.6186674249255609
CAI,0.7248908296943231,0.9213973799126638,0.6506550218340611,0.6766060963176818,0.537117903930131,0.6724890829694323,2,‚ùå IGNORE,IGNORE,0.0693694764838892,CROWDED,0.6182407075238521
FWONA,0.7705000000000001,0.9266666666666666,0.53,0.6652785077069432,0.81,0.9866666666666668,0,üëÄ WATCH,WATCH,0.0881413834136225,CROWDED,0.6171616100160578
FWONK,0.7732843137254902,0.9117647058823528,0.553921568627451,0.4993045193165068,0.8578431372549019,0.8872549019607843,0,üëÄ WATCH,WATCH,0.07219600521902408,CROWDED,0.6168901814359617
CNK,0.7241666666666667,0.9,0.6633333333333333,0.8603293316725368,0.5766666666666667,0.6166666666666667,2,‚ùå IGNORE,IGNORE,0.07176435655203488,CROWDED,0.6166862046437404
WHD,0.7626666666666667,0.87,0.6566666666666666,0.847627580480449,0.7033333333333334,0.8766666666666667,0,üëÄ WATCH,WATCH,0.027515627282398442,CROWDED,0.6159031254564797
WHD,0.7645418326693227,0.8645418326693227,0.6653386454183267,0.7278004714775189,0.6952191235059761,0.900398406374502,0,üëÄ WATCH,WATCH,0.017868142228285814,CROWDED,0.6153664571309161
OPCH,0.7121513944223108,0.7689243027888446,0.7569721115537849,0.8985866402590166,0.49800796812749,0.7848605577689243,2,‚ùå IGNORE,IGNORE,0.12377857854940312,CROWDED,0.6147955563473309
CAI,0.7257009345794392,0.897196261682243,0.6261682242990654,0.366242726547152,0.6074766355140186,0.7102803738317757,0,‚ùå IGNORE,IGNORE,0.09741622548817551,CROWDED,0.6144365161256725
CAI,0.7097609561752987,0.9083665338645418,0.6573705179282868,0.7154888070229245,0.4900398406374502,0.6374501992031872,2,‚ùå IGNORE,IGNORE,0.07980738556707685,CROWDED,0.6130132699421005
ILMN,0.7705,0.8633333333333333,0.6066666666666667,0.7674382011626808,0.8366666666666667,0.8866666666666667,0,üëÄ WATCH,WATCH,0.04903743346559489,CROWDED,0.612007486693119
TAC,0.6859813084112147,0.794392523364486,0.7570093457943925,0.4874046395328791,0.3457943925233644,0.7383177570093458,2,‚ùå IGNORE,IGNORE,0.12563474665458527,CROWDED,0.6097998465271787
NWN,0.7633466135458167,0.8725099601593626,0.6334661354581673,0.6879137841914081,0.701195219123506,0.9601593625498008,0,üëÄ WATCH,WATCH,0.014985153265818538,CROWDED,0.6095308951949964
TAC,0.666554054054054,0.777027027027027,0.7567567567567568,0.6050524403729903,0.2837837837837837,0.7297297297297297,2,‚ùå IGNORE,IGNORE,0.17227992179244817,CROWDED,0.607834362736868
GSAT,0.7634803921568627,0.8872549019607843,0.6078431372549019,0.545580199670151,0.7401960784313726,0.9215686274509804,0,üëÄ WATCH,WATCH,0.015503667539742,CROWDED,0.6075124982138308
OPCH,0.7021834061135371,0.74235807860262,0.759825327510917,0.859974747958046,0.4803493449781659,0.8034934497816594,2,‚ùå IGNORE,IGNORE,0.13071859683309714,CROWDED,0.6074537630347416
DUOL,0.6408296943231441,0.0218340611353711,0.9956331877729258,6.533348855331806,0.9781659388646288,0.8908296943231441,3,üëÄ WATCH,WATCH,0.73794584361181,RARE,0.607414496233279
TAC,0.6742647058823528,0.7843137254901961,0.7598039215686274,0.7433645373291641,0.3137254901960784,0.7107843137254902,2,‚ùå IGNORE,IGNORE,0.1423488478820164,CROWDED,0.6069991813411091
CZR,0.6850467289719626,0.7289719626168224,0.7850467289719626,0.5291353100196691,0.4859813084112149,0.5794392523364486,2,‚ùå IGNORE,IGNORE,0.15087103411692737,CROWDED,0.6069966367299275
DRD,0.7067567567567568,0.6486486486486487,0.7972972972972973,0.6984121157456449,0.5337837837837838,0.9391891891891893,0,üëÄ WATCH,WATCH,0.1740010995170137,CROWDED,0.6066921117952947
COHR,0.7678921568627451,0.7450980392156863,0.6617647058823529,0.5811526628417704,0.9362745098039216,0.8823529411764706,0,üëÄ WATCH,WATCH,0.09055003873280111,CROWDED,0.6066394195112661
LITE,0.7844594594594595,0.7702702702702703,0.6216216216216216,0.4197199758819037,1.0,0.972972972972973,0,üëÄ WATCH,WATCH,0.07184247712506686,CROWDED,0.6065306575871756
CHE,0.7671666666666667,0.6366666666666667,0.7266666666666667,0.9342701393095094,0.95,1.0,0,üëÄ WATCH,WATCH,0.13123514812990186,CROWDED,0.6057803629593137
GSAT,0.7609170305676856,0.8951965065502183,0.5851528384279476,0.6051745793251595,0.7510917030567685,0.925764192139738,0,üëÄ WATCH,WATCH,0.02597358196118834,CROWDED,0.6056313976149451
CZR,0.6773648648648648,0.7094594594594594,0.8108108108108109,0.7024898477190619,0.4391891891891892,0.5743243243243243,2,‚ùå IGNORE,IGNORE,0.14949995488173456,CROWDED,0.6048999909763468
SM,0.6878378378378378,0.8243243243243243,0.7027027027027027,0.5292262147167655,0.4864864864864865,0.5608108108108109,2,‚ùå IGNORE,IGNORE,0.11705724569049533,CROWDED,0.6039519896786397
SKWD,0.7399563318777292,0.8078602620087336,0.6724890829694323,0.6935685850623501,0.6419213973799127,0.9344978165938864,0,üëÄ WATCH,WATCH,0.05149459928346941,CROWDED,0.6023513216034188
LITE,0.7771028037383179,0.7757009345794392,0.5981308411214953,0.3303406404315571,1.0,0.9626168224299064,0,üëÄ WATCH,WATCH,0.08144120882983197,CROWDED,0.6018957184014805
SKWD,0.7420318725099602,0.8326693227091634,0.6533864541832669,0.7094988268171153,0.6414342629482072,0.9362549800796812,0,üëÄ WATCH,WATCH,0.03360566257133791,CROWDED,0.6007450368967376
GSAT,0.7554054054054055,0.8378378378378378,0.6351351351351351,0.4523318327747812,0.7364864864864865,0.9256756756756755,0,üëÄ WATCH,WATCH,0.01322790525147039,CROWDED,0.5994023378070509
NWN,0.7543668122270741,0.8733624454148472,0.6069868995633187,0.6322268404766794,0.7030567685589519,0.9563318777292577,0,üëÄ WATCH,WATCH,0.006479796311145158,CROWDED,0.5991125531486918
PENN,0.6429906542056074,0.7009345794392523,0.8130841121495327,0.5834179223644971,0.2897196261682243,0.5514018691588785,2,‚ùå IGNORE,IGNORE,0.19283723527106283,CROWDED,0.5985674470542126
MSGS,0.7661764705882352,0.6764705882352942,0.6862745098039216,0.6405489478499543,0.946078431372549,1.0,0,üëÄ WATCH,WATCH,0.07976065898878903,CROWDED,0.5949717396408951
WHD,0.746943231441048,0.8384279475982532,0.6419213973799127,0.6746184754287677,0.6855895196506551,0.9170305676855895,0,üëÄ WATCH,WATCH,0.0,,0.5948471615720524
FWONK,0.7479729729729729,0.8648648648648649,0.527027027027027,0.3753969301039069,0.8581081081081081,0.8918918918918919,0,üëÄ WATCH,WATCH,0.08399995158543233,CROWDED,0.594367557884654
MSGS,0.7622270742358078,0.6681222707423581,0.6899563318777293,0.7319304666056725,0.9344978165938864,1.0,0,üëÄ WATCH,WATCH,0.08668263242217619,CROWDED,0.5938430767027759
SKWD,0.7394999999999999,0.8766666666666667,0.5933333333333334,0.7567249303559973,0.6666666666666666,0.9166666666666666,0,üëÄ WATCH,WATCH,0.016901596418897488,CROWDED,0.5931803192837795
ILMN,0.75199203187251,0.8047808764940239,0.601593625498008,0.6423404229648562,0.8446215139442231,0.9083665338645418,0,üëÄ WATCH,WATCH,0.05138134787391676,CROWDED,0.5923479827221937
BVN,0.7077689243027889,0.8207171314741036,0.6254980079681275,0.6811088373101288,0.6055776892430279,0.8047808764940239,0,‚ùå IGNORE,IGNORE,0.09808489511894122,CROWDED,0.5919675766333501
AES,0.6141304347826088,0.6086956521739131,0.8043478260869565,0.3991283640352158,0.4347826086956521,0.3260869565217391,2,‚ùå IGNORE,IGNORE,0.31323235302981683,CROWDED,0.5909073401711809
WBS,0.6513100436681223,0.3930131004366812,0.9213973799126638,1.7542043385635762,0.5458515283842795,0.8209606986899564,0,‚ùå IGNORE,IGNORE,0.32587567656122696,CROWDED,0.5885812488493634
WBS,0.642629482071713,0.3824701195219123,0.9243027888446216,1.935566548002248,0.5258964143426295,0.8007968127490039,0,‚ùå IGNORE,IGNORE,0.3503904700109274,CROWDED,0.5884844685041775
DUOL,0.6365196078431372,0.0196078431372549,0.9950980392156864,5.931703365105914,0.9705882352941176,0.8725490196078431,3,üëÄ WATCH,WATCH,0.645844235365071,INTERESTING,0.5867178666808573
AR,0.6842629482071713,0.900398406374502,0.5139442231075697,0.5609870135448458,0.6533864541832669,0.5856573705179283,0,‚ùå IGNORE,IGNORE,0.14669401458054107,CROWDED,0.5859125080953911
FWONA,0.7396414342629483,0.896414342629482,0.4701195219123506,0.5376698887033575,0.8127490039840638,0.9880478087649402,0,üëÄ WATCH,WATCH,0.08366487130141254,CROWDED,0.5858963208738284
GSAT,0.7369158878504672,0.8037383177570093,0.6074766355140186,0.3510177191118728,0.7476635514018691,0.9345794392523364,0,üëÄ WATCH,WATCH,0.028174204797714607,CROWDED,0.5826441867539355
WHD,0.7299019607843137,0.7990196078431373,0.6323529411764706,0.5536281817574468,0.6911764705882353,0.9068627450980392,0,üëÄ WATCH,WATCH,0.019559117120090314,CROWDED,0.5821471175416651
NEE,0.6567729083665339,0.5776892430278885,0.8446215139442231,1.2122753988718515,0.4541832669322709,0.6812749003984063,2,‚ùå IGNORE,IGNORE,0.16753452982020256,CROWDED,0.5806782207050765
NEE,0.6624454148471616,0.5851528384279476,0.8384279475982532,1.1247607322202182,0.462882096069869,0.7161572052401747,2,‚ùå IGNORE,IGNORE,0.1499564131729653,CROWDED,0.5796856057786979
CVS,0.6816593886462883,0.6244541484716157,0.7816593886462883,0.9144386224139414,0.5938864628820961,0.7074235807860262,0,‚ùå IGNORE,IGNORE,0.12613349206096489,CROWDED,0.579113161294289
FWONA,0.72882096069869,0.8908296943231441,0.445414847161572,0.5011009918905793,0.8122270742358079,0.9868995633187772,0,üëÄ WATCH,WATCH,0.0875636356816344,CROWDED,0.5762900197127461
DUOL,0.6405405405405405,0.0337837837837837,0.9932432432432432,5.323189390555656,0.9662162162162162,0.8783783783783784,3,üëÄ WATCH,WATCH,0.5708671944448557,INTERESTING,0.5757950605105927
AXTI,0.6552401746724891,0.7379912663755459,0.6550218340611353,0.6874491517536249,0.5414847161572053,0.5938864628820961,2,‚ùå IGNORE,IGNORE,0.17343131541064455,CROWDED,0.5753849530384607
OPCH,0.6764705882352942,0.6911764705882353,0.7107843137254902,0.667612479036376,0.5318627450980392,0.7941176470588235,0,‚ùå IGNORE,IGNORE,0.11981303856551896,CROWDED,0.5749429998699666
DNTH,0.725735294117647,0.8578431372549019,0.5392156862745098,0.4830575601680676,0.7254901960784313,0.9166666666666666,0,üëÄ WATCH,WATCH,0.022159537360678445,CROWDED,0.5741377898250769
FWONA,0.725,0.8921568627450981,0.4215686274509804,0.4134607068966664,0.8333333333333334,0.9852941176470588,0,üëÄ WATCH,WATCH,0.10588740630276168,CROWDED,0.573922579299768
NEE,0.6723039215686274,0.5784313725490197,0.8088235294117647,0.9048895241871472,0.5735294117647058,0.7205882352941176,0,‚ùå IGNORE,IGNORE,0.13440699239847312,CROWDED,0.5732539474993025
GSAT,0.7270916334661355,0.8247011952191236,0.5856573705179283,0.6372116022326433,0.7051792828685259,0.9243027888446216,0,üëÄ WATCH,WATCH,0.0013788058679107533,CROWDED,0.5731841277074468
DK,0.6804054054054054,0.7364864864864865,0.6418918918918919,0.4629858870588711,0.5675675675675675,0.8445945945945946,0,‚ùå IGNORE,IGNORE,0.12567905782825456,CROWDED,0.5729736494034888
DNTH,0.7251091703056768,0.8558951965065502,0.5458515283842795,0.5562363472412177,0.7117903930131004,0.9213973799126638,0,üëÄ WATCH,WATCH,0.012773688590948755,CROWDED,0.5729477508186264
CVS,0.6705179282868525,0.6095617529880478,0.7768924302788844,0.9405271127781328,0.5896414342629482,0.6733067729083665,2,‚ùå IGNORE,IGNORE,0.13229224129216097,CROWDED,0.5719564562265598
DNTH,0.7215139442231076,0.852589641434263,0.549800796812749,0.5848780193667038,0.6952191235059761,0.9163346613545816,0,üëÄ WATCH,WATCH,0.013508283786818395,CROWDED,0.5717853220960091
CNK,0.6742358078602619,0.9170305676855895,0.4541484716157205,0.5076677619333964,0.62882096069869,0.6855895196506551,0,‚ùå IGNORE,IGNORE,0.13742791966142212,CROWDED,0.5714157149366512
CNK,0.675735294117647,0.9019607843137256,0.4754901960784313,0.4417507206330117,0.6225490196078431,0.6911764705882353,0,‚ùå IGNORE,IGNORE,0.12259593150249952,CROWDED,0.5703035000259901
BVN,0.6945945945945946,0.8445945945945946,0.5202702702702703,0.3744573214624428,0.6756756756756757,0.8175675675675675,0,‚ùå IGNORE,IGNORE,0.09050211009807382,CROWDED,0.5689112328304257
LYV,0.732107843137255,0.7352941176470589,0.6127450980392157,0.5456054983922599,0.8529411764705882,0.8970588235294118,0,üëÄ WATCH,WATCH,0.028187783862069563,CROWDED,0.5680885371645709
ROKU,0.7061752988047809,0.7729083665338645,0.5776892430278885,0.6158031284356608,0.7529880478087649,0.8286852589641435,0,‚ùå IGNORE,IGNORE,0.07682569384190042,CROWDED,0.5679547802026431
SM,0.6303738317757008,0.719626168224299,0.6915887850467289,0.4146742869258256,0.4018691588785046,0.5607476635514018,2,‚ùå IGNORE,IGNORE,0.16762569487080603,CROWDED,0.5679176623386472
LITE,0.7433823529411764,0.7303921568627451,0.5588235294117647,0.5013426375038169,0.9852941176470588,0.9509803921568628,0,üëÄ WATCH,WATCH,0.0576116988396429,CROWDED,0.5667184181993011
ILMN,0.7293918918918918,0.7432432432432432,0.6013513513513513,0.4084072157796416,0.8378378378378378,0.9121621621621622,0,üëÄ WATCH,WATCH,0.029955740689776304,CROWDED,0.566666823813631
AR,0.6696078431372549,0.8725490196078431,0.4901960784313725,0.4496426528766007,0.6519607843137255,0.6225490196078431,0,‚ùå IGNORE,IGNORE,0.13047860143676132,CROWDED,0.5664878771500974
DNTH,0.7168918918918918,0.8175675675675675,0.5608108108108109,0.4023757513299877,0.7128378378378378,0.918918918918919,0,üëÄ WATCH,WATCH,0.01746901394523662,CROWDED,0.5659262352214798
LION,0.5771739130434782,0.6956521739130435,0.6739130434782609,0.2762976260917835,0.2826086956521739,0.4130434782608695,2,‚ùå IGNORE,IGNORE,0.3022681314581599,CROWDED,0.5652362349872841
KC,0.6369565217391304,0.6739130434782609,0.717391304347826,0.3536983042295457,0.391304347826087,0.717391304347826,2,‚ùå IGNORE,IGNORE,0.1578377931501603,CROWDED,0.5646110368909015
CBOE,0.738,0.7433333333333333,0.55,0.6994635800780131,0.9366666666666666,0.98,0,üëÄ WATCH,WATCH,0.051613910899377544,CROWDED,0.5641894488465422
BVN,0.6709606986899563,0.759825327510917,0.5895196506550219,0.6152169123667677,0.5807860262008734,0.8253275109170306,0,‚ùå IGNORE,IGNORE,0.12587663891398812,CROWDED,0.563428602891968
CBOE,0.7378486055776893,0.7370517928286853,0.5537848605577689,0.5849611525074291,0.9402390438247012,0.9800796812749004,0,üëÄ WATCH,WATCH,0.04438569035522037,CROWDED,0.5621839109794107
MEOH,0.6758964143426295,0.7131474103585658,0.6135458167330677,0.6572227458620404,0.5936254980079682,0.9282868525896414,0,üëÄ WATCH,WATCH,0.13205460059492394,CROWDED,0.5621081312743633
AR,0.6617903930131004,0.8646288209606987,0.4847161572052402,0.5227997481256857,0.6375545851528385,0.6200873362445415,0,‚ùå IGNORE,IGNORE,0.13321790040479836,CROWDED,0.5612287329193877
LII,0.7405405405405404,0.6891891891891891,0.581081081081081,0.4072570419054087,0.9797297297297296,1.0,0,üëÄ WATCH,WATCH,0.05430453177582468,CROWDED,0.5611311766254352
TMDX,0.7266355140186915,0.7102803738317757,0.5887850467289719,0.3266588751928924,0.8691588785046729,0.9813084112149532,0,üëÄ WATCH,WATCH,0.04707837641771078,CROWDED,0.5598829650031683
CVS,0.6524509803921568,0.5686274509803921,0.7941176470588235,0.8519309849193873,0.5245098039215687,0.7058823529411765,2,‚ùå IGNORE,IGNORE,0.12723906441810973,CROWDED,0.5589772246483278
IBP,0.7299019607843137,0.6372549019607843,0.6274509803921569,0.5535731345348649,0.9411764705882352,0.9901960784313726,0,üëÄ WATCH,WATCH,0.06432700108262118,CROWDED,0.557767361000838
MKTX,0.7135,0.8066666666666666,0.4433333333333333,0.6115673516675895,0.8966666666666666,0.9666666666666668,0,üëÄ WATCH,WATCH,0.11027596330526547,CROWDED,0.5574551926610531
LYV,0.7200873362445415,0.7205240174672489,0.5982532751091703,0.6222158756173887,0.8384279475982532,0.9082969432314412,0,üëÄ WATCH,WATCH,0.02253719939776073,CROWDED,0.5562978328926526
SKWD,0.691421568627451,0.803921568627451,0.5245098039215687,0.4719490654082413,0.6666666666666666,0.931372549019608,0,üëÄ WATCH,WATCH,0.06366634692374616,CROWDED,0.5549881713455336
FWONA,0.7016891891891892,0.8581081081081081,0.3918918918918919,0.3267717321163658,0.8243243243243243,0.9932432432432432,0,üëÄ WATCH,WATCH,0.12120674942274882,CROWDED,0.5549170255602255
LYV,0.7089999999999999,0.7266666666666667,0.58,0.7292240581929446,0.8233333333333334,0.87,0,üëÄ WATCH,WATCH,0.04944199742846428,CROWDED,0.5548217328190261
TAC,0.616304347826087,0.717391304347826,0.6086956521739131,0.2491853276279403,0.4130434782608695,0.6956521739130435,2,‚ùå IGNORE,IGNORE,0.21496099415469885,CROWDED,0.5547313292657224
NEE,0.6543918918918918,0.5878378378378378,0.7432432432432432,0.5916817757059594,0.5743243243243243,0.7364864864864865,0,‚ùå IGNORE,IGNORE,0.13322235260073212,CROWDED,0.5546174434931194
DUOL,0.638785046728972,0.02803738317757,0.9906542056074766,4.307897687855778,0.97196261682243,0.8785046728971962,3,üëÄ WATCH,WATCH,0.47638159353853043,INTERESTING,0.5545286551563042
PSLV,0.5820945945945946,0.8513513513513513,0.3445945945945945,0.3116748912896061,0.6283783783783784,0.3783783783783784,2,‚ùå IGNORE,IGNORE,0.39793146913622107,CROWDED,0.5516133208542713
ILMN,0.7115196078431373,0.7058823529411765,0.5931372549019608,0.5249618438806433,0.8284313725490197,0.9117647058823528,0,üëÄ WATCH,WATCH,0.028332025831497992,CROWDED,0.5500781698721819
VRSK,0.7138333333333333,0.67,0.6133333333333333,0.7736807062662323,0.86,0.9266666666666666,0,üëÄ WATCH,WATCH,0.03865629712901548,CROWDED,0.5499312594258031
NWN,0.683578431372549,0.8333333333333334,0.446078431372549,0.4208048036140398,0.7009803921568627,0.9558823529411764,0,üëÄ WATCH,WATCH,0.09796240009953744,CROWDED,0.5489062055101035
LYV,0.7054054054054054,0.6418918918918919,0.6283783783783784,0.4371639478720496,0.8513513513513513,0.9054054054054054,0,üëÄ WATCH,WATCH,0.059752631355932166,CROWDED,0.5481667424874027
LYV,0.703784860557769,0.6613545816733067,0.6175298804780877,0.6584702178791034,0.8326693227091634,0.896414342629482,0,üëÄ WATCH,WATCH,0.05038826387314392,CROWDED,0.5473684894280153
SPOT,0.7176666666666667,0.66,0.5666666666666667,0.7106867121349084,0.9666666666666668,0.95,0,üëÄ WATCH,WATCH,0.06032281040490601,CROWDED,0.5444645620809812
BVN,0.6616822429906541,0.8317757009345794,0.4205607476635514,0.2733438658622359,0.7009345794392523,0.8317757009345794,0,‚ùå IGNORE,IGNORE,0.1409897324470189,CROWDED,0.5433381334052916
MKTX,0.6651394422310757,0.8366533864541833,0.2589641434262948,0.4059758622786495,0.9243027888446216,0.9681274900398408,0,üëÄ WATCH,WATCH,0.2804868191497511,CROWDED,0.5412766466984761
ARX,0.5971962616822429,0.9158878504672896,0.2990654205607476,0.2362110767900338,0.4766355140186916,0.7663551401869159,0,‚ùå IGNORE,IGNORE,0.28830431906710935,CROWDED,0.5395300226919265
FWONK,0.6799065420560747,0.7663551401869159,0.4392523364485981,0.2771510427092242,0.8411214953271028,0.897196261682243,0,üëÄ WATCH,WATCH,0.12744241103171106,CROWDED,0.5385725943558749
DUOL,0.641304347826087,0.0217391304347826,0.9782608695652174,2.6158984861299857,1.0,0.9130434782608696,0,üëÄ WATCH,WATCH,0.39407605437769827,CROWDED,0.5353369500059745
CBOE,0.7017467248908297,0.6768558951965066,0.519650655021834,0.5416835822415099,0.925764192139738,0.9781659388646288,0,üëÄ WATCH,WATCH,0.0657429861053448,CROWDED,0.533148597221069
CNK,0.6266891891891891,0.8783783783783784,0.3310810810810811,0.304614198856532,0.6621621621621622,0.7094594594594594,0,‚ùå IGNORE,IGNORE,0.19810599608946924,CROWDED,0.5321887667854615
LITE,0.6986899563318777,0.6462882096069869,0.5240174672489083,0.5427594671610153,0.9694323144104804,0.9519650655021834,0,üëÄ WATCH,WATCH,0.08522873978701781,CROWDED,0.5305828658613336
NVDA,0.5448598130841121,0.3177570093457944,0.7102803738317757,0.4400719254636641,0.7663551401869159,0.3177570093457944,2,‚ùå IGNORE,IGNORE,0.5227071848951257,INTERESTING,0.528092838848184
LOAR,0.654391891891892,0.7162162162162162,0.4797297297297297,0.3569642303773351,0.7128378378378378,0.9324324324324323,0,üëÄ WATCH,WATCH,0.13399844767288416,CROWDED,0.5277456354805228
SNDK,0.6158783783783783,0.5,0.6554054054054054,0.480358747766314,0.6216216216216216,0.8716216216216216,0,üëÄ WATCH,WATCH,0.248916666046408,CROWDED,0.527215765641714
ZS,0.6340686274509805,0.0245098039215686,0.9607843137254902,2.729834338779525,0.9950980392156864,0.9019607843137256,0,üëÄ WATCH,WATCH,0.382616973410816,CROWDED,0.5272096691919671
VSNT,0.6175675675675676,0.7972972972972973,0.4324324324324324,0.3380685526647214,0.5945945945945946,0.6824324324324325,0,‚ùå IGNORE,IGNORE,0.1656179212552024,CROWDED,0.5260965572240135
CAI,0.6163043478260869,0.7391304347826086,0.4565217391304347,0.1567250233342147,0.6630434782608695,0.6521739130434783,0,‚ùå IGNORE,IGNORE,0.19606938384347172,CROWDED,0.5248660506817378
FWONA,0.661214953271028,0.7570093457943925,0.3925233644859813,0.2615637411105715,0.794392523364486,1.0,0,üëÄ WATCH,WATCH,0.1508593480906924,CROWDED,0.5245643929826245
SNDK,0.6046728971962617,0.4579439252336448,0.6635514018691588,0.3928329727446348,0.6261682242990654,0.8691588785046729,0,üëÄ WATCH,WATCH,0.2799564017785408,CROWDED,0.5221595046547736
KTOS,0.6236486486486486,0.0878378378378378,0.9391891891891893,1.8273513023594008,0.9054054054054054,0.831081081081081,0,‚ùå IGNORE,IGNORE,0.3251791111933152,CROWDED,0.5199006871035279
SBSW,0.530841121495327,0.6635514018691588,0.5327102803738317,0.2979186542280231,0.3177570093457944,0.4859813084112149,2,‚ùå IGNORE,IGNORE,0.3325194144737029,CROWDED,0.5180926679414696
SNDK,0.6366812227074237,0.4061135371179039,0.6244541484716157,0.6524832412409042,0.9388646288209608,0.8820960698689956,0,üëÄ WATCH,WATCH,0.27922979797516445,CROWDED,0.5166319857959063
LYV,0.6616822429906541,0.5887850467289719,0.5514018691588785,0.3010686215485253,0.8598130841121495,0.9065420560747663,0,üëÄ WATCH,WATCH,0.11593308276412743,CROWDED,0.5158968969266573
KTOS,0.6177570093457944,0.0747663551401869,0.9345794392523364,1.6163482376006484,0.897196261682243,0.8504672897196262,0,üëÄ WATCH,WATCH,0.32865246200606657,CROWDED,0.5147024550180357
RUN,0.5663551401869159,0.0093457943925233,0.9626168224299064,1.871176780732056,0.9065420560747663,0.4485981308411215,0,‚ùå IGNORE,IGNORE,0.46854156927856117,INTERESTING,0.5146428932949646
MOH,0.6485981308411215,0.6074766355140186,0.4953271028037383,0.2832082674896409,0.8504672897196262,0.9252336448598132,0,üëÄ WATCH,WATCH,0.1403462409374918,CROWDED,0.5080692481874984
FLUT,0.616891891891892,0.027027027027027,0.9324324324324323,1.7791630709130488,0.972972972972973,0.8648648648648649,0,üëÄ WATCH,WATCH,0.3430960387851375,CROWDED,0.5072678564056762
PLTR,0.5411214953271027,0.5233644859813084,0.5794392523364486,0.3138190146131406,0.514018691588785,0.5233644859813084,2,‚ùå IGNORE,IGNORE,0.33768733593960515,CROWDED,0.5045468129823135
SOUN,0.4097826086956521,0.3260869565217391,0.7391304347826086,0.375794094251272,0.108695652173913,0.1521739130434782,1,‚ùå IGNORE,IGNORE,0.632266761935599,INTERESTING,0.5034098741262503
YOU,0.595608108108108,0.7027027027027027,0.3851351351351351,0.324216411331797,0.6486486486486487,0.8513513513513513,0,üëÄ WATCH,WATCH,0.19565160837663476,CROWDED,0.4949411324861377
CRCL,0.566822429906542,0.1869158878504672,0.794392523364486,0.5355837055517124,0.7850467289719626,0.6635514018691588,0,‚ùå IGNORE,IGNORE,0.35832997971039027,CROWDED,0.4946566501476855
CRM,0.5895270270270271,0.2297297297297297,0.6959459459459459,0.5149223531324838,0.9256756756756755,0.8040540540540541,0,‚ùå IGNORE,IGNORE,0.342900166512501,CROWDED,0.4895259792484461
SCCO,0.6094594594594595,0.6351351351351351,0.3108108108108108,0.300363648870066,0.9121621621621622,0.9594594594594594,0,üëÄ WATCH,WATCH,0.26149863815812524,CROWDED,0.48527270060459804
FIGR,0.577027027027027,0.0135135135135135,0.918918918918919,1.3895772095118464,0.918918918918919,0.668918918918919,0,‚ùå IGNORE,IGNORE,0.32892839112108285,CROWDED,0.4830829755215139
NIQ,0.5172897196261682,0.8598130841121495,0.1401869158878504,0.1748826915978078,0.4485981308411215,0.7757009345794392,0,‚ùå IGNORE,IGNORE,0.3696595182562343,CROWDED,0.48084779150171414
CRWV,0.5239130434782608,0.0434782608695652,0.8260869565217391,0.4412986986496735,0.9130434782608696,0.3695652173913043,0,‚ùå IGNORE,IGNORE,0.47809942895072344,INTERESTING,0.47909814665970996
BCRX,0.4467391304347826,0.5652173913043478,0.5,0.1859368235516131,0.217391304347826,0.3043478260869565,1,‚ùå IGNORE,IGNORE,0.4294128747380942,INTERESTING,0.47762170538240145
CRWV,0.5546728971962617,0.0186915887850467,0.8691588785046729,0.8553491908906471,0.9626168224299064,0.514018691588785,0,‚ùå IGNORE,IGNORE,0.3903361284301786,CROWDED,0.47750647802248436
LITE,0.5956521739130435,0.4347826086956521,0.4347826086956521,0.1451049365261394,0.9565217391304348,1.0,0,üëÄ WATCH,WATCH,0.31567867067947064,CROWDED,0.4753096471793724
BTSG,0.5684782608695651,0.6304347826086957,0.3478260869565217,0.1266818185837968,0.6956521739130435,0.8695652173913043,0,üëÄ WATCH,WATCH,0.2280631045977701,CROWDED,0.4686560991804236
CNK,0.5373831775700934,0.7850467289719626,0.2242990654205607,0.2098089010107952,0.5700934579439252,0.7009345794392523,0,‚ùå IGNORE,IGNORE,0.2553068995392362,CROWDED,0.46788380981438926
NIQ,0.5293478260869565,0.8260869565217391,0.1521739130434782,0.0802524349035977,0.5652173913043478,0.7391304347826086,0,‚ùå IGNORE,IGNORE,0.29607342847074214,CROWDED,0.46660599004197456
SM,0.4891304347826086,0.5869565217391305,0.3695652173913043,0.1316062454670569,0.5217391304347826,0.5,1,‚ùå IGNORE,IGNORE,0.38457436824467595,CROWDED,0.4638713953880656
ILMN,0.558695652173913,0.391304347826087,0.4782608695652174,0.161370221938914,0.8043478260869565,0.9347826086956522,0,üëÄ WATCH,WATCH,0.3142034707935927,CROWDED,0.4602319985065446
PONY,0.45,0.4565217391304347,0.5434782608695652,0.1999000795976087,0.2608695652173913,0.4782608695652174,1,‚ùå IGNORE,IGNORE,0.383988279243654,CROWDED,0.4567976558487308
MU,0.5037383177570094,0.4485981308411215,0.4485981308411215,0.2773311587099845,0.5514018691588785,0.794392523364486,0,‚ùå IGNORE,IGNORE,0.36736024502138803,CROWDED,0.45440662844353
MSFT,0.5467289719626168,0.3271028037383177,0.4766355140186916,0.280618475870772,0.9345794392523364,0.7850467289719626,0,‚ùå IGNORE,IGNORE,0.3743457736800174,CROWDED,0.45430840707245207
BVN,0.5445652173913044,0.6521739130434783,0.2391304347826087,0.0954059795075159,0.717391304347826,0.8913043478260869,0,üëÄ WATCH,WATCH,0.25943580913131215,CROWDED,0.4479741183480016
C,0.530373831775701,0.1588785046728972,0.6542056074766355,0.3858768511721145,0.8878504672897196,0.6822429906542056,0,‚ùå IGNORE,IGNORE,0.36411553921289525,CROWDED,0.447589462982766
YOU,0.5294392523364485,0.6728971962616822,0.2523364485981308,0.2165832786654431,0.5981308411214953,0.8598130841121495,0,üëÄ WATCH,WATCH,0.24317410462700018,CROWDED,0.4454572508319421
NBIS,0.5238317757009345,0.0934579439252336,0.6822429906542056,0.4143866978699989,0.9158878504672896,0.6915887850467289,0,‚ùå IGNORE,IGNORE,0.36653242914179396,CROWDED,0.43797938302462047
NWN,0.5060747663551401,0.6261682242990654,0.205607476635514,0.2007052475801369,0.5887850467289719,0.97196261682243,0,üëÄ WATCH,WATCH,0.32339885642664107,CROWDED,0.43346481801430015
DNTH,0.5004672897196262,0.7383177570093458,0.0560747663551401,0.1532576133401671,0.6542056074766355,0.9158878504672896,0,üëÄ WATCH,WATCH,0.36499640447014153,CROWDED,0.43206470145477593
AXTI,0.4032608695652173,0.2826086956521739,0.5652173913043478,0.2006340026767149,0.2391304347826087,0.5869565217391305,1,‚ùå IGNORE,IGNORE,0.49443099630059034,INTERESTING,0.4297557644775094
NVDA,0.4249999999999999,0.1521739130434782,0.5217391304347826,0.1990259551917889,0.8260869565217391,0.2391304347826087,1,‚ùå IGNORE,IGNORE,0.613513805455166,INTERESTING,0.4274853697866853
WBD,0.3739130434782609,0.1739130434782608,0.6521739130434783,0.2608919821534772,0.3260869565217391,0.1956521739130435,1,‚ùå IGNORE,IGNORE,0.5442526549596698,INTERESTING,0.42363313968758615
SOFI,0.3652173913043479,0.0652173913043478,0.5869565217391305,0.2148298826221437,0.6304347826086957,0.108695652173913,1,‚ùå IGNORE,IGNORE,0.6640365260293789,INTERESTING,0.4093290443363107
CIEN,0.4717391304347826,0.5,0.0652173913043478,0.0568653394240687,0.8913043478260869,0.9565217391304348,0,üëÄ WATCH,WATCH,0.5121709247098795,INTERESTING,0.4041733153767585
CRGY,0.3445652173913043,0.5434782608695652,0.2608695652173913,0.1106555958027151,0.1739130434782608,0.2826086956521739,1,‚ùå IGNORE,IGNORE,0.4945631661579069,INTERESTING,0.3976082854054944
ALHC,0.4032608695652174,0.4782608695652174,0.2826086956521739,0.1121501717900166,0.3695652173913043,0.6304347826086957,1,‚ùå IGNORE,IGNORE,0.4180570470091208,INTERESTING,0.39708967027138936
NOG,0.3717391304347825,0.5217391304347826,0.0434782608695652,0.0330999501135727,0.4782608695652174,0.782608695652174,1,‚ùå IGNORE,IGNORE,0.46995228621561846,INTERESTING,0.3557295876779063
PLTR,0.3369565217391304,0.2608695652173913,0.391304347826087,0.1338041812191251,0.3478260869565217,0.391304347826087,1,‚ùå IGNORE,IGNORE,0.4294615587804213,INTERESTING,0.35110970306043204
SBSW,0.3239130434782609,0.3478260869565217,0.3043478260869565,0.1215879762558227,0.3043478260869565,0.3478260869565217,1,‚ùå IGNORE,IGNORE,0.40929318880531096,INTERESTING,0.3418586377610622
RRC,0.3456521739130435,0.4130434782608695,0.0217391304347826,0.0323610813438769,0.5869565217391305,0.7608695652173914,1,‚ùå IGNORE,IGNORE,0.5443140243400864,INTERESTING,0.3340801961723651
NU,0.2391304347826087,0.1956521739130435,0.4130434782608695,0.1359969352391658,0.0652173913043478,0.1304347826086956,1,‚ùå IGNORE,IGNORE,0.5199355533015523,INTERESTING,0.3213784150081366
TALO,0.2663043478260869,0.3695652173913043,0.1304347826086956,0.0786606768278936,0.1521739130434782,0.6086956521739131,1,‚ùå IGNORE,IGNORE,0.5273626313579886,INTERESTING,0.3119942654020325
AAL,0.2445652173913043,0.0869565217391304,0.3260869565217391,0.1231400070012075,0.4565217391304347,0.0869565217391304,1,‚ùå IGNORE,IGNORE,0.6062627110502309,INTERESTING,0.30168732481874183
NG,0.2097826086956521,0.2391304347826087,0.217391304347826,0.0902980291573714,0.0217391304347826,0.4565217391304347,1,‚ùå IGNORE,IGNORE,0.5224394316323413,INTERESTING,0.27970527763081604
AVPT,0.2141304347826087,0.3043478260869565,0.108695652173913,0.0695204715086081,0.0869565217391304,0.5217391304347826,1,‚ùå IGNORE,IGNORE,0.5431265654815352,INTERESTING,0.2768861826615244
ONDS,0.1576086956521739,0.1304347826086956,0.1956521739130435,0.0852578201635317,0.1956521739130435,0.0434782608695652,1,‚ùå IGNORE,IGNORE,0.5942770192073555,INTERESTING,0.24711627340668849
PLUG,0.1097826086956521,0.108695652173913,0.1739130434782608,0.0839975783971625,0.0434782608695652,0.0217391304347826,1,‚ùå IGNORE,IGNORE,0.7025941719222865,RARE,0.2409536169931529
INTC,0.15,0.217391304347826,0.0869565217391304,0.0574079907703086,0.1304347826086956,0.1739130434782608,1,‚ùå IGNORE,IGNORE,0.5869264014289216,INTERESTING,0.2382548455031756
