symbol,HotScore,MomentumScore,VolumeScore,VolumeSpike,VolatilityScore,TrendScore,cluster,watch_label,final_signal,knn_uniqueness,knn_signal,final_rank
PENG,0.9787272727272728,0.9963636363636365,0.9927272727272728,7.635525741173071,0.9636363636363636,0.8981818181818182,3,🔥 HOT,STRONG BUY,0.8587214287891909,RARE,0.9610533766669291
BKH,0.9636363636363636,0.9818181818181818,0.9672727272727272,4.848469100864659,0.9272727272727272,0.96,3,🔥 HOT,STRONG BUY,0.3635382312212319,CROWDED,0.8479803735169738
NWE,0.9638181818181818,0.9854545454545456,0.96,4.353325030770463,0.9236363636363636,0.9818181818181818,3,🔥 HOT,STRONG BUY,0.31364444756056437,CROWDED,0.8373470713302947
BSP,0.9603636363636364,1.0,0.9490909090909092,3.876529757173984,0.96,0.8618181818181818,3,🔥 HOT,STRONG BUY,0.2880439293163879,CROWDED,0.831572422226914
PCVX,0.7594545454545454,0.7236363636363636,0.9963636363636365,7.63606156254701,0.3163636363636363,0.9418181818181818,0,👀 WATCH,WATCH,0.8917131651480084,RARE,0.8261244512114199
CTVA,0.7950909090909091,0.9272727272727272,0.9527272727272728,3.964535174166017,0.5054545454545455,0.36,1,❌ IGNORE,IGNORE,0.5110276535566235,INTERESTING,0.7962418943476883
BKV,0.916,0.9890909090909092,0.9381818181818182,3.2020440060011346,0.7818181818181819,0.850909090909091,3,👀 WATCH,WATCH,0.1928866453388016,CROWDED,0.7904318745223059
TLX,0.8078181818181818,0.8872727272727273,0.9418181818181818,3.286955088122821,0.3654545454545455,0.9454545454545454,0,👀 WATCH,WATCH,0.4065813646258196,INTERESTING,0.7702617274706186
QRVO,0.6756363636363636,0.6727272727272727,0.9781818181818182,5.813439581400827,0.0109090909090909,0.9563636363636364,0,👀 WATCH,WATCH,0.8469374759145039,RARE,0.7698238588192644
VST,0.9234545454545452,0.9236363636363636,0.9127272727272728,2.407326749299441,0.9418181818181818,0.9236363636363636,3,⚠️ OVERHEATED,IGNORE,0.13956545399153736,CROWDED,0.764567636252853
GKOS,0.9272727272727272,0.9781818181818182,0.8327272727272728,1.7748512460980512,0.9745454545454544,0.9854545454545456,3,⚠️ OVERHEATED,IGNORE,0.15145128513985132,CROWDED,0.7633811661188794
OPCH,0.6681818181818181,0.6836363636363636,0.9854545454545456,6.072879727865608,0.0327272727272727,0.7745454545454545,0,❌ IGNORE,IGNORE,0.7848552615099263,RARE,0.7580619613928944
NRG,0.9125454545454544,0.96,0.8545454545454545,1.8911029210605728,0.92,0.9345454545454546,3,⚠️ OVERHEATED,IGNORE,0.0963852791253638,CROWDED,0.7472043285523455
PGNY,0.8899999999999999,0.9745454545454544,0.8618181818181818,1.9884119439623416,0.7890909090909091,0.8945454545454545,3,👀 WATCH,WATCH,0.10588262801055226,CROWDED,0.7444492528748378
BRZE,0.8710909090909091,0.9927272727272728,0.8,1.598231317275018,0.8181818181818182,0.8,3,❌ IGNORE,IGNORE,0.14995625691512096,CROWDED,0.7369730695648424
INTR,0.7012727272727274,0.8581818181818182,0.9345454545454546,3.1512176054500656,0.1909090909090909,0.3563636363636364,1,❌ IGNORE,IGNORE,0.4847808733170614,INTERESTING,0.7360107201179578
PTC,0.7885454545454544,0.7163636363636363,0.9454545454545454,3.440249054202728,0.5490909090909091,0.9709090909090908,0,👀 WATCH,WATCH,0.4080628980100513,INTERESTING,0.7293943977838285
MDT,0.6998181818181818,0.3709090909090909,0.9709090909090908,5.220752796228116,0.7745454545454545,0.7527272727272727,0,❌ IGNORE,IGNORE,0.9016035227801691,RARE,0.7286116136469429
BVC,0.8000000000000002,0.9490909090909092,0.7672727272727272,1.4573991031390134,0.5018181818181818,0.9890909090909092,2,👀 WATCH,WATCH,0.26513424842693467,CROWDED,0.7162995769581144
SPOT,0.868,0.9672727272727272,0.6618181818181819,1.2029078668387243,0.9927272727272728,0.9927272727272728,2,👀 WATCH,WATCH,0.1413835403064092,CROWDED,0.7012948898794636
CEG,0.7689090909090909,0.6363636363636364,0.9163636363636364,2.4706311619405747,0.64,0.9745454545454544,0,👀 WATCH,WATCH,0.41499465525271284,INTERESTING,0.7011080219596335
KVYO,0.7881818181818182,0.9636363636363636,0.7709090909090909,1.4775881403930666,0.6454545454545455,0.52,1,❌ IGNORE,IGNORE,0.15656388607140687,CROWDED,0.6934945953960996
HUT,0.6567272727272727,0.2436363636363636,0.8909090909090909,2.080997304347599,0.8581818181818182,0.88,0,👀 WATCH,WATCH,1.0,RARE,0.6896
MAT,0.7641818181818181,0.8763636363636363,0.901818181818182,2.176821297104645,0.44,0.5381818181818182,1,❌ IGNORE,IGNORE,0.1414476627563938,CROWDED,0.6895986234603697
M,0.7205454545454544,0.8145454545454546,0.8690909090909091,2.0023085189492624,0.3563636363636364,0.6,1,❌ IGNORE,IGNORE,0.1393582817413333,CROWDED,0.6528171108937213
JBS,0.6881818181818181,0.8436363636363636,0.8254545454545454,1.7293135407874645,0.2854545454545454,0.4690909090909091,1,❌ IGNORE,IGNORE,0.2032583096137019,CROWDED,0.6497425710136495
BCRX,0.7103636363636363,0.9709090909090908,0.6763636363636364,1.2312128983774289,0.4454545454545454,0.4472727272727272,1,❌ IGNORE,IGNORE,0.17680921423702328,CROWDED,0.6489618428474047
NTAP,0.8205454545454546,0.8945454545454545,0.6290909090909091,1.1644624883675012,0.9527272727272728,0.9672727272727272,2,👀 WATCH,WATCH,0.07201037948623176,CROWDED,0.647347530442701
PEP,0.6632727272727272,0.3854545454545454,0.8072727272727273,1.61907162428762,0.8072727272727273,0.8436363636363636,0,❌ IGNORE,IGNORE,0.6915637393693779,INTERESTING,0.642167293328421
SMMT,0.7545454545454544,0.9054545454545454,0.76,1.4389899341968582,0.5818181818181818,0.5527272727272727,1,❌ IGNORE,IGNORE,0.02700866807992698,CROWDED,0.6403108245250763
TJX,0.7772727272727272,0.7963636363636364,0.72,1.3285545030114143,0.7963636363636364,0.8727272727272727,2,👀 WATCH,WATCH,0.10778602451513364,CROWDED,0.6357390230848449
HPE,0.7574545454545455,0.8654545454545455,0.6909090909090909,1.250438626440094,0.7781818181818182,0.5709090909090909,1,❌ IGNORE,IGNORE,0.10249485803322562,CROWDED,0.6347535170611907
P,0.8007272727272727,0.9127272727272728,0.5781818181818181,1.1134765157001367,0.9309090909090908,0.9272727272727272,2,👀 WATCH,WATCH,0.040119785216568594,CROWDED,0.6264966843160411
SLDE,0.7412727272727273,0.8836363636363637,0.6254545454545455,1.1633104331128654,0.6218181818181818,0.8872727272727273,2,👀 WATCH,WATCH,0.0771421964881554,CROWDED,0.6137557120249039
PI,0.7854545454545454,0.9163636363636364,0.5018181818181818,1.0105471357216378,0.9454545454545454,1.0,2,👀 WATCH,WATCH,0.07627105623711299,CROWDED,0.6130723930656043
DYN,0.7307272727272727,0.9090909090909092,0.68,1.2343125185013089,0.5290909090909091,0.6872727272727273,1,❌ IGNORE,IGNORE,0.0105203274575033,CROWDED,0.6122131564005916
SWKS,0.7218181818181818,0.7636363636363637,0.7345454545454545,1.3594043731403609,0.5781818181818181,0.8181818181818182,1,❌ IGNORE,IGNORE,0.09744316186212205,CROWDED,0.6078522687360607
ROL,0.7196363636363636,0.8290909090909091,0.7636363636363637,1.443521875148817,0.4909090909090909,0.64,1,❌ IGNORE,IGNORE,0.0,,0.6064
KR,0.7338181818181819,0.8109090909090909,0.6872727272727273,1.249358972473322,0.6654545454545454,0.7636363636363637,1,❌ IGNORE,IGNORE,0.02548977439529402,CROWDED,0.5982615912426953
MU,0.7603636363636362,0.9381818181818182,0.4,0.9118538151697202,1.0,0.92,2,👀 WATCH,WATCH,0.09492796163575973,CROWDED,0.5907674105089701
TTAN,0.7543636363636363,0.9454545454545454,0.4545454545454545,0.9605349904744466,0.8654545454545455,0.9127272727272728,2,👀 WATCH,WATCH,0.028045089360669635,CROWDED,0.5873544724175885
MRNA,0.7192727272727273,0.9563636363636364,0.3163636363636363,0.8415385927930976,0.9672727272727272,0.8036363636363636,2,❌ IGNORE,IGNORE,0.19101931808253644,CROWDED,0.5804584090710527
U,0.6723636363636364,0.7927272727272727,0.6836363636363636,1.2479219067953236,0.4654545454545454,0.6254545454545455,1,❌ IGNORE,IGNORE,0.06955870393321283,CROWDED,0.5781299226048244
CVS,0.7205454545454545,0.8363636363636363,0.5636363636363636,1.0698469920264733,0.7563636363636363,0.7927272727272727,2,❌ IGNORE,IGNORE,0.04652319848958736,CROWDED,0.5775228215160992
AGYS,0.738,0.8909090909090909,0.4363636363636363,0.9521559137330108,0.8690909090909091,0.9963636363636365,2,👀 WATCH,WATCH,0.07556488806202658,CROWDED,0.5757675230669508
NVO,0.6747272727272726,0.8545454545454545,0.5672727272727273,1.0848233898655786,0.6181818181818182,0.5345454545454545,1,❌ IGNORE,IGNORE,0.10475038152544856,CROWDED,0.5752046217596352
WING,0.7083636363636365,0.9345454545454546,0.2945454545454545,0.8205861748215211,0.9090909090909092,0.9636363636363636,2,👀 WATCH,WATCH,0.20807143266666395,CROWDED,0.5707779228969692
NAVN,0.6590909090909091,0.9418181818181818,0.3418181818181818,0.8582453653337786,0.6909090909090909,0.7163636363636363,2,❌ IGNORE,IGNORE,0.24032999706661698,CROWDED,0.5684296357769598
RBLX,0.678,0.8472727272727273,0.5381818181818182,1.0528229493722492,0.6690909090909091,0.5927272727272728,1,❌ IGNORE,IGNORE,0.08367829519292724,CROWDED,0.5650265681294946
AMZN,0.6612727272727272,0.8036363636363636,0.3709090909090909,0.885009943705651,0.8909090909090909,0.72,2,❌ IGNORE,IGNORE,0.24011853012741388,CROWDED,0.5474418878436647
