symbol,HotScore,regularMarketChangePercent,VolumeSpike,MomentumScore,VolumeScore,VolatilityScore,TrendScore
MDB,0.9886530825096405,23.044635028571427,4.109511123276597,1.0,0.9847308381714047,0.995760770102328,0.948451351291832
SAIC,0.9684693795160353,16.3352128,3.595258660360029,0.9852130952949941,0.9728894153272702,0.9517696278935286,0.9277957521953702
ASH,0.9548370253394954,10.206523147058824,1.934363711021472,0.9903601881934009,0.950843698850503,0.9072377898970795,0.9396810689471321
BA,0.9470435416807013,9.568043542857144,2.081699013414627,0.9686032597260016,0.9589961432124993,0.9705603173569376,0.7827168718083857
DSGX,0.9442806705841067,12.894211733333332,1.9845253959564793,0.9623655520264001,0.946217752130884,0.9234450439604716,0.9158750533696304
DG,0.943067557500814,12.162673666666667,3.0369367806272423,0.9550229640714585,0.9690649791735242,0.9453480699251917,0.805671633800316
URBN,0.9407561315182896,10.711466597590363,3.4090413970475617,0.9730866602081852,0.949501550479949,0.913967883297542,0.850566811179342
SNPS,0.9333793076440938,4.489983847058824,1.319363199625423,0.8837119025858204,0.9379683672421079,0.9934671779193571,0.9709777762044757
BLTE,0.9249168466268896,7.724633963768116,3.7153375073650317,0.9127076177344171,0.8987246554752751,0.9545777550174869,1.0
NTES,0.923302094230025,5.308983491176471,1.0241410513967213,0.9357302263542824,0.8797058380937933,0.9486555168861017,0.9816836829597806
SYM,0.9194454787629928,11.15121891627907,1.9960060605185959,0.9661716195395923,0.9080850463709709,0.9149463612632281,0.8046637344165007
DUOL,0.9135320615236356,7.204759992727273,1.369112141451156,0.9296209832214852,0.8600710116116385,0.9725907645053262,0.9262171043097701
ATMU,0.9052141727465067,6.2843333999999995,3.5253286408546756,0.8952363990746524,0.9764714464881842,0.7995752757335989,0.9020137165279435
VERA,0.9004916885657382,12.416448844444444,1.8778817835550192,0.97573236618393,0.9187470638035646,0.8128974381997495,0.7484440043016533
VRTX,0.8998280733337797,6.257241593939394,1.1308369631605246,0.8603228980351522,0.8712343986725467,0.9930501799074022,0.9517298350460474
NBIX,0.8984975520079941,5.61656970909091,1.7643178683162817,0.8544327996511502,0.9146126868414605,0.9216953466496983,0.9499256240564061
DKS,0.8951526214508068,6.954675108333333,1.1063239932186093,0.8735142320142972,0.8673882681235924,0.9683045376677593,0.9217583886899363
AMR,0.8921206117566033,10.50574692972973,0.9723928810888601,0.9550581742631014,0.7592248813230061,0.9730670974970373,0.9750812280205826
GSHD,0.8901562632502307,5.534053503225806,0.9665667297421063,0.9449900887652819,0.8173466845339212,0.8726490249232207,0.988085876108655
DOOO,0.8894246007233026,6.389152536666667,4.226286115063077,0.8272913056020975,0.9729190628597273,0.8162141121850767,0.9610814932464867
ARWR,0.8882812486642023,14.187355163703703,1.7551029476746691,0.9523121292134498,0.8591879488513836,0.88517793515728,0.7722063431005459
BKNG,0.8881652138166113,5.065027361290323,1.184337339054494,0.8515979597242219,0.8288740797518107,1.0,1.0
DIOD,0.8850292408559775,7.959086413793103,1.6105372270940543,0.8970051955770205,0.9373032179827909,0.7649275475281277,0.9003578660441801
ICLR,0.8818202904951611,5.202854,1.5914297828093935,0.8174457079489794,0.894161813663107,0.9344758393868253,0.9586249005356583
BAP,0.880816817635448,5.3143212433333336,1.4438130631109891,0.7885125831883386,0.9075352774131389,0.9465243019646123,0.9789520603200841
SITM,0.8785200332107285,7.83963515,1.089776941772966,0.8836023194788443,0.7870929642292981,0.976321506979945,0.9851238251688962
GIL,0.8769920249833778,3.2604793882352943,2.6455741876264436,0.8279484800332665,0.9763211396831437,0.7679827896545698,0.9190110015172034
DASH,0.8768483649223978,4.346948823529412,1.3425348449681533,0.8484913823083744,0.8633515894734377,0.9445105756912622,0.8880120966051112
CLH,0.8761470306481108,4.693903071428571,1.5948204049306796,0.8026954079492616,0.8897062102900347,0.9380934559798518,0.9618777306838674
ANF,0.8748415730846972,4.960426105050505,1.7522428977900986,0.8296579066363665,0.9223933746041283,0.8690227707982379,0.8781907049087645
MCHP,0.8747711274226166,8.989701688,1.5973955553965808,0.9620607601651104,0.8928155703712153,0.8561076393707658,0.5434288386074954
MNDY,0.8746843060762771,4.163175174074074,0.9511658192412185,0.888534309395607,0.8068477314097743,0.924653440574785,0.9636990367943661
COHR,0.8737488073927325,5.925567837142857,1.0028117513357233,0.8253895379193525,0.8873588793097726,0.9394402860571887,0.8639880415110107
BURL,0.8698365141338171,4.402018843636364,1.6621067965236105,0.7532473049115624,0.9061408033030066,0.9590526960106235,0.9724013705659323
NXPI,0.86934395925634,6.122045961538462,1.3037224002125574,0.8242171824096137,0.8648636113184544,0.9515151527989444,0.8786265089172738
AAUC,0.8672494624056417,9.231608628181817,1.8505491722315952,0.939840627013933,0.8973616653934487,0.6785535676528678,0.885179465324846
WYNN,0.865741168441245,3.602810515625,1.0253962090240294,0.8275943548748669,0.8670144114304215,0.8960091855892199,0.9342626311655011
DELL,0.8654587168159957,5.667928261666666,1.9167952978287655,0.8376664083208911,0.9159231870504707,0.8996106940335464,0.7178021962930984
BBWI,0.86498942864709,9.060781870588235,1.598885022942452,0.9784691993944463,0.9437891977821726,0.7106500309869616,0.5006898343788109
MESO,0.8634326507016518,8.161448181818182,1.801178735189753,0.9513197716008884,0.921038338563445,0.5921405467377013,0.8967920279659476
PATH,0.8621041066798938,22.260343900000002,2.8786042941481456,0.9966440448060468,0.9648553464022025,0.7659950519972994,0.22380309357546657
INSP,0.859906330759862,6.443473514,1.2533757662018414,0.8664178442372473,0.8114484504624565,0.9107942634033129,0.9049427493430311
BHC,0.8598179294354904,12.619811764705883,2.1843294788781225,0.9984632816111763,0.9752362028319612,0.5609910797961437,0.5682489392116349
TSEM,0.85952398633247,4.741773077622378,1.476995106348743,0.796132931435448,0.8980987341842054,0.8738438888857346,0.9177412558844437
FN,0.8585994737282397,4.554212614545455,1.2612576947005034,0.7688348658087703,0.8349136718677954,0.9893399997496924,0.9941948559150324
CRDO,0.8580435378995194,8.35308212870229,1.1725262096078977,0.9269021254352505,0.7426564761685497,0.9595609726746616,0.8178583280325695
NTR,0.8572247160443447,3.446134769230769,1.386714291470914,0.8673927265001672,0.8844435282511249,0.786617395566232,0.8675854776814607
HOOD,0.8565116585585985,9.803090876271185,1.2372888300510179,0.920950305436867,0.8355825945179101,0.9683581029446946,0.4805352298548757
CRCL,0.8550235123437011,8.080029814285714,1.2063589448014904,0.864689530171725,0.9072568733321195,0.8928595374015762,0.562703636370404
DECK,0.854876690058998,4.3325225906250004,0.9333086187483246,0.8877497209084814,0.8207265576539191,0.8629153731405146,0.8432691793405497
KSS,0.8544077083712088,7.540686592727273,3.1585905965605185,0.9438676198775865,0.9715338488352792,0.6696252121027684,0.500921519011522
FMX,0.8519606122514919,5.089929953125,1.238475296451014,0.8455581892109868,0.834635591489613,0.8553065040729094,0.9283148819170011
ASTS,0.8516417562079628,15.13212622,1.1518069210265596,0.9564573617528879,0.8232284103713109,0.8870888918998119,0.5133395758453083
ATAT,0.8495499156019262,4.970151977192983,1.5593211936206093,0.8685260801672976,0.896519778885479,0.7297302341847559,0.8583781809650316
CTRI,0.8477163056261025,9.04509326,1.2739262025146,0.9554344262753632,0.8853332020443556,0.6832047690407247,0.6680668190605595
PKX,0.8453305657874283,5.192460470909091,1.43374593788447,0.8156026699259353,0.8747128955189667,0.7770699040004426,0.98306137081624
PTCT,0.8453295699089407,3.9858395527272727,7.346063266540868,0.7002600235025677,0.9965113787865614,0.8143570601897596,0.8858816706979367
ACLX,0.8447748406762459,6.278756057142857,1.35730242023445,0.8229617283865506,0.8690477009342462,0.813089605424407,0.8995361932908572
SYNA,0.8437395461877072,5.785391343243243,1.4093893936088338,0.8429711859980836,0.8347461599227063,0.8159264207310284,0.9335319096922509
SNDK,0.8427727285043175,6.001333555882353,1.033758458176967,0.7482637617816027,0.8913447782650528,0.956053822511236,0.7769897498574094
CSW,0.8421727925237623,7.3280552666666665,0.7548812955993817,0.9088428406838163,0.6494889733049316,0.9861031038839829,0.9953603685090389
DCI,0.84018661949735,7.46600138,0.8120146249227538,0.8857694722809898,0.7538094141308088,0.8791243928952659,0.9050913067416716
UNFI,0.8399844759382389,6.104641977142857,1.4127057860348193,0.860391368380627,0.9045100005710406,0.6927494592564251,0.8371910495387029
BAH,0.8397569697092319,6.616077153333333,0.9379988907260876,0.8588595309629146,0.8197511405277635,0.8551287057945754,0.8121749352857941
ELF,0.8384735323610645,6.170687052380952,1.2029496520077538,0.8483875252201043,0.849318220357874,0.8352469280595238,0.7722713579686727
ERO,0.8376551480415466,4.951070684210527,1.5922590617645975,0.8012228619362417,0.9718432578085499,0.6640563734936485,0.8427073143213989
ODFL,0.8374770577386713,5.138556655384615,0.9548223446560531,0.8572326486717026,0.7543372653363118,0.9249347785999822,0.8844063211586984
IE,0.8351221657228511,11.392691139130434,1.0775845793768448,0.9808568731722345,0.8831570828157951,0.6311423413957321,0.5648881284789442
SAIA,0.8350325282275336,5.1192362909090905,1.0136500746050006,0.8166766723439955,0.7334859990743222,0.9719048218000648,0.9809462887110952
TMDX,0.8311236610921403,3.4732249,0.8369428561688936,0.814727256807635,0.7656889355864926,0.9018299623500569,0.9761200128418409
CAVA,0.8307574500019217,4.875151086842106,0.9427132303422177,0.8947942064230512,0.826904793011359,0.7771766345140293,0.7272747329707225
APGE,0.8292251975380158,7.266528483870967,0.8656016347410055,0.9125529157121719,0.719595652433665,0.8516847546795973,0.8763624775105351
OLMA,0.8284674883343477,7.859265130909091,1.2447335458216462,0.9483926957603159,0.8290548351526745,0.7167966619503443,0.6300152012473224
CMBT,0.8283802225000415,8.050180164102565,1.42329449889358,0.9394611456000289,0.9680703613267244,0.5169174203084923,0.5736071101397945
TEX,0.8279724307649882,6.832258542424242,1.072732474644042,0.888687632323443,0.8269328845471979,0.737203223363006,0.8006460518766256
BOX,0.8270458233524375,6.418795087878788,2.459217749937385,0.8647584758059623,0.9760465705547805,0.5948399191539544,0.6379607329538668
CAMT,0.8263076803390846,5.29892431372549,1.1873627213576743,0.8034190261878267,0.7920254710241368,0.8689899458672508,0.9410411714144723
BDC,0.8255402228068434,5.593551308333333,1.0929793208935632,0.770632719909531,0.8019053113546443,0.8938372613860132,0.9638445958717939
CHA,0.8253045289033313,6.253177877777778,0.9800814961698556,0.9113893782750877,0.8939019079982575,0.567129802681738,0.8002661817131284
ON,0.8251460746667465,9.052549836363635,0.9534970418272264,0.9468121536168389,0.8053025951771773,0.8332348306900997,0.45258946450820925
PAAS,0.8250711748576983,6.786559905714285,1.062489629303817,0.899686955477592,0.8338487823753781,0.7818276443319746,0.6196813774276383
LB,0.8237658316640083,8.758976075,0.8590616589873498,0.9507227360093179,0.6659466320024313,0.8329755375772225,0.9133644534445159
KSPI,0.8237382053446414,4.677316756756757,0.7656678287374783,0.7584940402947108,0.8150934584831746,0.8769573436098483,0.9759111205041195
TMC,0.8218298449236676,16.78999260135135,1.608522355776323,0.993698253845739,0.9502511867736556,0.5683537074747573,0.27776799211928016
MSTR,0.8212559983882549,3.4409522943396227,1.3447951264349267,0.6887313288324369,0.9176466953380187,0.9399928056813533,0.7102512879232485
PSTG,0.8209386436428356,4.503155363513513,1.6588603274823146,0.741953527788932,0.880732518686365,0.8516196165951765,0.8267460405744644
RARE,0.8205638617876382,8.9034932,1.3678922497176582,0.9338997431300339,0.797927322457741,0.7134107404877675,0.7174224073436356
MODG,0.8202798336211872,8.853979927272727,1.7063312102545896,0.9601923778696451,0.912887836828418,0.5536937334829909,0.539630117802668
SN,0.820078888875969,4.938787039999999,0.9716869819068162,0.832896710030185,0.7654078100254412,0.8728652161688641,0.8609926362272701
ETOR,0.8186278074798502,5.199544260000001,1.4119378950389045,0.8151476699654575,0.8733216709745925,0.7210812284439034,0.8344729246205205
CHYM,0.8185023924848628,5.2668662,0.9870334512454567,0.9149913356195443,0.8759510358890118,0.6288266404360452,0.6590723436965918
META,0.8179741736146339,3.7824055733333335,1.3750478056417872,0.6285013989338105,0.918287745016808,0.9844321476852346,0.797115436948706
LOGI,0.8176602871285107,3.6434242357142854,1.3789466585769727,0.7117610340545858,0.8809838002136122,0.8305872958605357,0.9408213596253427
USAR,0.8176353119431996,19.623436793333333,1.102421558267014,0.9831131948198079,0.8694731005941532,0.6975942725980399,0.2971125402870531
MIDD,0.8152998770337675,4.66207252,0.9182324141004871,0.752913780627089,0.8229137915073186,0.8574854513277764,0.9226313652116954
AEO,0.8148431610675819,10.327720630357144,1.8850457004634524,0.9375399582999544,0.9025292914849761,0.6654591363590204,0.3772709637105208
LYV,0.8141603672978648,5.717923111111111,1.1930951071949467,0.7727608991380219,0.7966109410843599,0.9238256882175995,0.8011508557651129
ENTG,0.813340614413815,6.411067,1.00416818750284,0.8796672531750681,0.7298703302965198,0.8608824738491945,0.7782596542892033
TER,0.8132030335619501,6.502229973863636,0.8427721100198992,0.9100515149912364,0.6239116092797429,0.9496049569838406,0.8639494867033931
BBAR,0.8131095665594297,10.757085018181819,1.1308504376092856,0.9785853025296879,0.7889495857408975,0.6443504253912044,0.6560227058648391
FRPT,0.8126102114404681,7.1942912560000005,0.948423630387148,0.904913370424387,0.732646777643463,0.8068386247943772,0.7809643465784507
CAI,0.812213824901789,4.750131431034482,2.2243753086809894,0.79079740656588,0.9599456085067534,0.5953957584524968,0.8037461793586796
SYRE,0.8112761674014412,9.860434925806452,0.9202997245530338,0.9520998125706882,0.7594648949321392,0.6840918379218635,0.7541015219107884
ODD,0.8110303595965305,4.319334145454546,2.046960541252839,0.7389348801685229,0.9346389510266565,0.6870479642086459,0.8786992583648852
OKTA,0.8105404689804908,3.991199541666666,3.418234831669084,0.6723195044633937,0.9834498878250455,0.7542618154895799,0.801688185816211
ASND,0.8102841621107512,4.000312387499999,1.2608428364646902,0.7022163212705675,0.8045544787236508,0.9284228932375141,0.9722980346527191
CELH,0.8102837648513095,4.444589161538461,0.9364979618499079,0.9005203203587756,0.7876881384477339,0.7555213640798559,0.6830653145306003
VSCO,0.8100755383044774,5.711766967857143,0.8969294511198159,0.9181997769722984,0.7192099356136545,0.7861952845019873,0.7974308199899643
CVNA,0.8082252251061561,4.621101391666667,0.6412912580371439,0.7489620484633169,0.7201233648946217,0.9944071254187336,0.9516390534713105
BMA,0.8080054996866453,6.259115162365591,0.8119605212640358,0.8521868168885118,0.6854818230152424,0.877828258810185,0.9425582395829422
KBR,0.8079200459603141,4.757654281818182,1.35331253868677,0.8274762166655495,0.8256821171288725,0.7184582901519692,0.8562297110187257
CLSK,0.8069994790995764,12.114636853921569,1.6376145889229639,0.9410831484600952,0.9350852243000938,0.6731282328677967,0.1571490205995088
CRWD,0.8068322981366459,3.2072241,1.1890155329839327,0.639751552795031,0.8509316770186336,0.9565217391304348,0.937888198757764
RGC,0.8066665779845432,11.042813329357797,1.9040559980112837,0.9141695084698623,0.8485684002051271,0.5114518581400352,0.8741793832028995
EWTX,0.8063945328864685,6.095374054545455,1.251065870574404,0.8850498836728294,0.8319914704386707,0.637471881562341,0.7793568263497509
MTSI,0.806182388326853,4.123532,0.8059973037599257,0.6901028425299075,0.7992836096766519,0.9328964864467018,0.9831783276521681
CDNS,0.8060860022306321,5.246269076470589,1.0987694472279974,0.7181019074190409,0.7609481252539516,0.9775595446021659,0.929065818746517
BELFB,0.8052578163398879,4.426528382608695,1.0060524724160118,0.8022130570882154,0.696514570794134,0.9097017453363413,0.9876279751379734
ALAB,0.8049561695170567,6.259015186086956,0.8271050556816307,0.8933459332777329,0.6466940113906117,0.9416851717488214,0.7760515453337195
EL,0.8048052052637126,4.958491532352942,0.9099473648233711,0.8282119958252471,0.7572199624879756,0.8456963282306538,0.8076475420795388
FLNC,0.8040808221274582,14.103511329411766,1.0052247791238627,0.9866349464463525,0.7706106210573429,0.7403865125204133,0.40967570997082225
PACS,0.8022904267010159,3.9206141285714287,0.8421273369771224,0.7941275798100174,0.9154905537763586,0.6350178434587598,0.7692051125403235
SPR,0.8003359779398235,4.574074075510204,4.213409052122727,0.7306701651404667,0.9654758574078754,0.6250511221298983,0.8167464562192416
LLYVA,0.7995785047871343,4.475112239130435,1.962619899717218,0.6287973366860403,0.9486869903920422,0.7480448693002538,0.9785001644975474
GENI,0.7995011922478129,11.353883696969696,2.2525596804606796,0.9802521327630457,0.9708136041618228,0.4432579330063803,0.2797659772283292
GTLB,0.7993488656405412,5.150063703125,1.289429751221119,0.8522764217426099,0.8340964361558224,0.7117064145857963,0.6677708245893068
UNF,0.7990837679096866,3.3757988,1.0143337766491651,0.7193725891795206,0.7627196636908482,0.9038615470935372,0.9957916998635002
TTMI,0.7989449289241903,8.066339884210526,0.829116066240385,0.906145230082177,0.6599435324590094,0.8624297005535955,0.7832792192405608
KB,0.7987874591083662,4.882026722857144,0.7997308973826387,0.8211127721785874,0.7130916363746145,0.821100924662519,0.9759573118224176
VAL,0.7986096345921091,6.2548479869565226,0.8183095201171556,0.8498719227554961,0.7609412292096702,0.7710320752577331,0.8061861635275432
LITE,0.7977469209182987,6.1042852922413795,0.7224464770770878,0.8641289871496011,0.5943938260976968,0.9857523483683008,0.9011346660808431
CM,0.7970071915049753,3.9825091346153845,1.5058412580008946,0.6547501139364036,0.9242127299631677,0.7792524527248414,0.8851970559515713
AUGO,0.7969502240136931,4.70044853,1.085065174059401,0.7607059994248732,0.9343473136013392,0.5978779230244474,0.8410597984962941
NTAP,0.7968037055463136,3.1709308333333333,1.5018581816366006,0.7022328185922159,0.840110287513138,0.8364467916705952,0.8969426007532073
CAAP,0.7967740436736872,4.372619470588235,0.9538795084216668,0.7935386374050258,0.8380280215680823,0.6443581794996508,0.9685407713316929
AMKR,0.796574567331792,5.809419644554455,1.0624780777814802,0.8540801133796525,0.8144089567112546,0.7130796622413557,0.6998746035170336
OKLO,0.7963792796313606,13.703844493548386,0.653974461603004,0.9578432860257192,0.6418842801675118,0.9274750063527321,0.5097963019318336
GNRC,0.7934181216678126,4.126357376470588,1.0356364399680575,0.7973236734199827,0.6876470606257359,0.9042073550644634,0.9283689373891842
BE,0.7931059371535036,8.228817952564103,0.7520738178312064,0.9295448410225023,0.6396628181954015,0.9173665585016871,0.6040994472689992
FIVE,0.7929708099587023,3.6710757857142857,1.8043250007599685,0.5792960882774776,0.9185507301064119,0.8879862536983746,0.9112717278466617
RKLB,0.7925972133029549,8.886886013793102,0.8335525212585108,0.9167044874761558,0.7880688462722256,0.7999414856823746,0.35938249354546403
MRVL,0.7922415226421182,5.185588394117647,1.5138125079929294,0.812191282605951,0.8285794820776224,0.8433075269860458,0.49310249605658374
HUM,0.7910322133709156,5.844047558333333,0.8324956244902437,0.7997155168551305,0.6471687398000279,0.9687271366913084,0.9087729620334843
FIX,0.7908420706517962,5.248693426315789,0.7511324271379112,0.8018685255582149,0.6009920445623468,1.0,0.9984087110959974
HRI,0.7892208504603441,8.919636714285714,0.8330641590833979,0.9416408143609678,0.49269391355145725,0.9567057993141735,0.9586253582816049
CEPU,0.7887727881899601,6.249152038297873,0.735265761780428,0.885537364547514,0.7972532786229686,0.5658559933588929,0.8662486440851271
IONQ,0.78867156692066,11.748324841379311,0.7337973627214373,0.9508130463192943,0.713804803381381,0.8642047685579161,0.33214365813840396
EXK,0.7886613930980695,13.238433492857144,0.8008998302304788,0.9312938842879603,0.8663717392124065,0.6618624296543345,0.2710593894207424
OCUL,0.78830020367982,8.973858134482759,1.386264646600007,0.923271526871023,0.9097926393112673,0.49729590548536645,0.4726856441894512
GEV,0.7879066736276696,4.682098625862069,0.6981427080664644,0.7542830221756216,0.6648923964257504,0.9878841704237651,0.9361844303243645
TXN,0.7878072811628973,4.2442538999999995,1.0804273772535922,0.8129698236507353,0.6844575413918369,0.9240300136183721,0.7890170067432266
VKTX,0.7877364697731063,9.773536431034485,0.7472171864186857,0.9339102418579445,0.7058405562237425,0.7742771005823916,0.5896827032803759
WING,0.7868991459351535,3.65891325,0.5380206282674207,0.7449360395562579,0.6834695529505914,0.9440009268446046,0.9815700318883541
PCVX,0.7868511300906248,7.000992466666666,0.7599990755649081,0.895710367927004,0.7384669976278824,0.7259126546236391,0.6970652122168683
FANG,0.7863199606906504,3.163711375,0.44333771229409147,0.7337379957207544,0.7487800417972832,0.8704480768273871,0.9334903219385978
CNR,0.7844221813579421,6.4684833875,0.6572288477381645,0.8687315880690823,0.6414933762031277,0.847490140563632,0.8634541574994216
IMCR,0.784400215245647,6.180253707692308,0.9708371869884118,0.853689331383756,0.7235422218219456,0.7036260869356911,0.9164395423651324
AMAT,0.7835928696202724,4.2466057117647065,0.988852097037735,0.8057809709876362,0.6519449205665092,0.9472311345017937,0.8394258067596286
AVAV,0.7832570431590241,6.056312631034483,0.6096221141018688,0.8286869838804602,0.5885115778133664,0.9596015106317468,0.9531724443983547
ZYME,0.7821908544513916,4.421135243636364,1.9782436029046062,0.7542028048285656,0.9269874506959869,0.576632470858924,0.7844777084601339
STNE,0.781985886155472,5.78272605945946,0.9498091413264268,0.8553880483915647,0.9066813853434252,0.5667056239844699,0.5192045955133158
ASML,0.781260620370956,3.789975358181818,0.9907645163140968,0.6686387119170137,0.7103277662943671,0.9974060226646958,0.9914114846403341
BF-B,0.7810116782142387,3.2534535206896553,1.2755697333879397,0.7888791921897681,0.8937798918594091,0.6037287215327892,0.7133525449046867
LLYVK,0.7807985929214979,4.78037605,1.4019205440066997,0.6718946112137388,0.8464930198430962,0.7724340794977831,0.948761061520489
SNOW,0.7805714486857218,1.9459232945945948,1.2208866483034588,0.5897956338343727,0.8603604349940682,0.930498583106569,0.8691710797445378
SKE,0.780568486979804,5.97373814893617,0.6344752062539338,0.8785398811130032,0.7323325089186477,0.6607768485082108,0.84607780767084
JBHT,0.7803169424123574,3.387105342,1.0580188415542398,0.7711317798347692,0.6666666039296697,0.9109952443935971,0.9488845921608431
SLAB,0.7802564924882817,6.4069812,1.0212905846187157,0.8231821471462615,0.5930239013159327,0.9360240599702901,0.9737956353245565
ACN,0.7795699442910871,3.253818581818182,0.609434293918516,0.7423244955915309,0.6851938891630094,0.9488825703107786,0.9016199556484225
AA,0.7794583703617738,6.315181327631579,0.972215887653725,0.888279854308788,0.764419711976881,0.7393509271601045,0.5314333672976875
AG,0.7793217057422207,9.579157696296296,0.7643563756347118,0.9043851376954591,0.8637727039387179,0.6522277795382684,0.30020905262605196
ECG,0.7790991647136085,3.76402648,1.2273421807783296,0.6648321588636561,0.8212048836991778,0.814274211662754,0.9613135748406595
SNDR,0.7788736219209869,7.053312181818182,1.029643988155188,0.9057424402034168,0.8132977258257335,0.545750089282963,0.6805954595419169
MYRG,0.7780505917352516,4.760659840000001,0.8355145327491512,0.7823732962346537,0.6269611166353174,0.9312987977665307,0.985237876774556
CRM,0.7777533270661763,3.309946296551724,1.6935300523364112,0.5585478697418875,0.9381048963517244,0.8862627655419794,0.7667230582501621
HCC,0.7767394744323557,7.207692683333334,0.47898235229044345,0.9355828958116069,0.5417736277981439,0.8717633972073386,0.8531201172747512
CPRI,0.7766658208504702,7.7669591874999995,1.2267214963223625,0.9040854734340119,0.8206486678448489,0.5835166922901355,0.5630553294484187
STM,0.7766511987732009,6.531593769230769,2.1789548738522773,0.8540063001465354,0.9491305020209099,0.5266221903613618,0.4022887994232261
BLKB,0.7757575337088903,4.749958,0.9053324707448122,0.7982211755471373,0.7300878920454397,0.7421855394366689,0.9241225216415458
IOT,0.775306456250412,4.4962879000000004,1.8312957559336165,0.7585957035441075,0.918832894826156,0.649702674008835,0.5826591201905269
LSCC,0.7752598946822348,4.0810423,1.1497910898088455,0.8006188574662142,0.7178465580587038,0.7897216738505395,0.8585266447840564
WSC,0.7727420618727489,4.79845232,2.407233899297098,0.7909952905939668,0.9526682297718513,0.5229600546922138,0.5786781880626981
CHKP,0.7725772121264518,2.4800051952380953,6.552443807653175,0.46450822522554847,0.9923348741053236,0.8370575850827967,0.9527061034408719
LII,0.7718461538461538,3.5420344,0.6499576560814035,0.5230769230769231,0.8338461538461538,0.9876923076923076,0.9938461538461538
CRSP,0.7716835406486752,5.5471982833333335,0.8594079046366628,0.821242354986774,0.7419568015959964,0.7520193907841018,0.7415995768788516
TBBB,0.7715549884605574,4.247710042857142,1.0514365780379489,0.6296927527678132,0.9437091264936301,0.652923603165734,0.9027961008590548
SEZL,0.771069216675629,4.864737451282052,0.5416878233976227,0.776633968436936,0.6822322942522149,0.837515767898665,0.9296287115469328
HNGE,0.7705287781299649,3.724880352727273,1.794613516909787,0.6543059085112493,0.9185390581978378,0.687986403685582,0.8243575904466807
FLUT,0.7694264357947108,4.5467024799999995,0.5393048446053107,0.7533048870567549,0.6218277625151406,0.965988824978147,0.9493224344891804
TEVA,0.7685423303111982,5.3101252599999995,1.624908969389964,0.8395199659845125,0.9005192071572169,0.6034101530696935,0.3884658909765422
PRAX,0.7683726291266554,4.500638929166667,0.5973431535984676,0.7009098591516575,0.6815913155536921,0.9385219727312979,0.9679282343352349
WF,0.7682808115599982,4.8423814878787885,0.8049666073456415,0.8371059088766527,0.6395324170243882,0.7617681392966167,0.9910376963531051
TTAN,0.7673150516512541,3.6935548714285713,1.0409208038948559,0.6511045394384463,0.8477488519334362,0.7800448629749177,0.8670739207611173
PI,0.7669834678474557,4.412956631818182,0.9575506227160211,0.7637689314066094,0.6285248529646627,0.9114252381671372,0.9739559568408314
INTC,0.7669123018498375,8.25372544605263,0.8299479785680661,0.9092286215132692,0.7792833764159727,0.8074481681348619,0.1444346894763052
FIZZ,0.7662314712284451,3.4161057454545456,0.8980869942640772,0.8311678352644293,0.7024399063173928,0.6657426682522903,0.9632022802434932
ADI,0.7661512027491408,0.35963076,2.0643799292851424,0.5910652920962199,0.9587628865979382,0.6426116838487973,0.9518900343642612
SMTC,0.7660873200733579,6.623338140740741,0.6724607422021387,0.8621635795775563,0.6081621998148793,0.841731329779013,0.8312703133020285
BMNR,0.7655584861021683,7.815099767910447,0.9782012996966829,0.8728722103840642,0.8116953634880013,0.7600300155968955,0.23953832127566196
BABA,0.7651273152719262,4.11866243125,0.6016787105855773,0.8657876935397337,0.5799034342072547,0.9297454100901471,0.7318633854245089
FOUR,0.7649205105710077,5.330565915384615,0.486389904291038,0.8270733137578551,0.6004006580287697,0.8873949881562039,0.878256228144483
VNOM,0.7646683608943406,3.9495635296296294,0.8174772681635006,0.8708038615516537,0.6780463128989537,0.6966992268163134,0.8323095447336534
RDDT,0.7644092794291327,3.521739276,0.6766973134139767,0.823268441732443,0.5585451570189695,0.9541823244961956,0.8993805496689932
SHOP,0.7642394364483983,5.318185384848485,0.656381567507767,0.8535680165483172,0.6003021236027489,0.908103723839199,0.7376414262768539
ULTA,0.7608915506651992,3.21870015,0.45529904862531545,0.7008953108951733,0.622892079408412,0.9918788912083749,0.9919018581726934
AGX,0.7608098294988868,3.505814385714286,0.7689446474158329,0.5417679116975689,0.8220693003533774,0.9289869124446916,0.9766942279211726
BMY,0.7602934683267315,5.3740546899999995,0.8665297161895402,0.8108042036591281,0.8739683406025529,0.6798719390214826,0.3464869003084664
GPN,0.7585843334759534,3.21354,1.2823650395738804,0.708625599124089,0.7652284633819203,0.7754472097763591,0.8764596964357826
RCUS,0.7578806129012496,5.317527009090909,1.137928502650189,0.8302008899753117,0.7889521958564868,0.5901126433669799,0.7315450418672421
ALK,0.7575071177741716,5.136659592682927,1.2866069439172858,0.768022385316721,0.8420906767945748,0.6543113824507362,0.6310526954507077
TERN,0.7566220144855654,6.25936068,0.7194825017514128,0.8860444599410491,0.8249806594089698,0.5351761477666066,0.5072799315973754
EOSE,0.7563612876167848,15.362837259259258,0.8545256291485013,0.9758714966888783,0.7654806518404336,0.6407904065752332,0.1872995431647903
OSCR,0.7561395266518327,8.5505086,1.1067738898142125,0.9566971202108908,0.7713415730647928,0.6304766523925455,0.2523065352683429
FROG,0.7534477816495283,3.311151086666667,1.1730479999665127,0.7006096009733976,0.7892258151018646,0.7204443496175031,0.8791651609968586
ASAN,0.7515763521332659,5.85896154423077,1.616524432048076,0.8629738315434221,0.9075827287577535,0.43386037417213186,0.4510948119342816
MELI,0.7513856848883534,3.623234794117647,0.5945335252626056,0.6718620855548051,0.6229674902682029,0.9931466827285123,0.9956599680459829
XPO,0.7497020298616935,4.288164963636363,0.48054930528614737,0.6821921569172281,0.6999127170690568,0.8882135718851835,0.8832260958945723
FISV,0.7496284004016514,3.7076456076923074,1.0287880720123879,0.7603715556288138,0.7957299520403865,0.7221570757682154,0.6056145756378813
THO,0.749411582119794,3.538890266666667,0.46236409228551495,0.7646356936588841,0.6150441357751891,0.8484757319608587,0.9682849542569656
FLY,0.7479706729514711,7.9547097938775515,0.6998746797784363,0.9182752233065046,0.7100709013487869,0.5756943180061477,0.6291066572088951
CDE,0.7470544317578207,5.781990632619047,0.8064368247790228,0.8469701585777258,0.8735408525298276,0.552893016558855,0.34296974558405946
TDC,0.7468163215852376,4.861145096,0.8816088518783477,0.8333453978065691,0.7164225382422466,0.6401314745498755,0.7637124905817702
COIN,0.7462080177105684,3.4159540923076923,0.8120350606951945,0.6091310631200155,0.7476709613133787,0.9518736950219707,0.8095257015448636
PEN,0.7462038237148219,3.5846070444444442,0.7719148560325031,0.6287705162664446,0.7002412212587327,0.9209627135419508,0.9685717287261963
UPWK,0.7450571750800286,5.7108042333333335,0.8179370728356853,0.8767495351039284,0.7592764207686126,0.5661318446922132,0.5922172158619662
KLIC,0.744927506142291,3.4543530885714286,2.3759898573944924,0.5649928358180395,0.9473233986929135,0.6233900281943604,0.909388184245854
POWL,0.7443346497260429,6.776855433333334,0.4361069390207269,0.8616392162450681,0.4260887333888849,0.9734856512456653,0.989327371050263
IESC,0.7440758293838862,3.3964999,0.5320926723862373,0.6018957345971564,0.6966824644549763,0.95260663507109,0.990521327014218
MASI,0.7437325905292478,3.0197685,1.4155032671394734,0.5153203342618384,0.8495821727019499,0.8551532033426184,0.9498607242339832
VSAT,0.7426075268817205,5.63466,0.9468695947711336,0.8602150537634409,0.6639784946236559,0.7029569892473119,0.6854838709677419
WLK,0.7420543072471023,3.3698432272727277,0.8064289621473728,0.5832843291991338,0.8161178211417361,0.8021178469011734,0.9183998524756316
NCNO,0.742,5.1103845,0.757946596060148,0.8123076923076923,0.8646153846153846,0.4923076923076923,0.5661538461538461
APP,0.7418027578338573,4.693047719512195,0.5076046365161913,0.8361427276347069,0.4541812032946913,0.9910349535189299,0.9198239130478195
NTSK,0.7410213746974751,7.05110766875,0.8707602320387783,0.8735524754447556,0.7621199547709794,0.5681339669163801,0.5490923073869186
DIS,0.7402297573491922,2.0240616,0.8711830194824496,0.7373183790375573,0.7034782056288504,0.7959156924057849,0.7676781423479252
ARMN,0.740047213854095,6.859012737254902,1.009296824178438,0.9245788800405532,0.7166293581745947,0.515857245718332,0.6245288133512686
FBIN,0.7398330807267115,3.8721355764705883,1.1423084627544506,0.6823959041924742,0.792661962330073,0.7067296790901387,0.8221689162579213
SEI,0.7391801473126038,5.415655628571429,0.35792129214026075,0.8072947551930181,0.7174724314318962,0.6855311214366671,0.684054077065505
ATGE,0.7385416666666667,4.1959624,0.7661753564028821,0.6953125,0.6901041666666666,0.8020833333333334,0.9322916666666666
UAL,0.7385347690434049,3.9354654636363637,0.7652811148272414,0.7180652835632831,0.7236985573035252,0.809926329189305,0.7193215890216101
EDU,0.7384727266457075,3.762660814705882,0.6209145460454977,0.8385754384753678,0.5809670451475377,0.7573038157504852,0.9017209422759349
COLM,0.737348511779724,3.016202618181818,0.8698239420358905,0.8175839446724623,0.586370638485818,0.7515690139934719,0.9565060487563155
BKV,0.737293091678202,4.661369175,0.8909211107017239,0.7705879855482402,0.7250135115812845,0.6298976799839868,0.8785303168607104
SMR,0.7363610059644901,8.10508630625,0.9330462985514069,0.8491106799955798,0.8186441766593895,0.6226756411893438,0.28111677897382126
VRT,0.7354843763321198,4.48203075,0.5260908569637492,0.7604425517744127,0.5611409654767842,0.941161328505996,0.8469787959300191
UNH,0.735076923076923,4.3014703,0.4140709764313438,0.7138461538461538,0.6276923076923077,0.9723076923076924,0.7107692307692308
RIOT,0.7343046615322143,8.133236244117647,0.5740008057594951,0.9383942581553778,0.7182541171717489,0.6609605403029131,0.22285622107137285
KAI,0.7339788732394366,3.2356446,0.5738174521237149,0.4683098591549295,0.8098591549295775,0.9330985915492958,1.0
DNLI,0.7338021315593255,5.875113886206897,0.8884492725133875,0.8251372091439422,0.7930115003445669,0.516085051645651,0.6423307290921705
BEAM,0.7335742167276804,10.375880883333332,0.6163059663213601,0.9513928999198316,0.5971695033646379,0.672802819493474,0.5701681167942129
MNST,0.733448275862069,1.2801695,1.1643849923617298,0.6931034482758621,0.7965517241379311,0.6517241379310345,0.8172413793103448
VERX,0.7315520297151045,4.707110866666667,0.8142084274166739,0.8022701133171183,0.8991364519109301,0.40985538397722343,0.5408865508984294
LEU,0.7311508461142872,5.089683765217391,0.4367166259882239,0.7679788843570562,0.5185804598551114,0.9415725945428366,0.9254055673146125
RH,0.7304755964945948,3.6106369,0.47519775067799547,0.7524147636410158,0.5462803044841041,0.8989157551333716,0.9614917162412843
WB,0.7269875025000624,3.6486812035714284,0.9202345367328967,0.8452597799860103,0.7972195642105737,0.3912184612804442,0.7387603977516912
CSAN,0.7262188159745273,9.07221747368421,0.7090509480981512,0.9566059018132713,0.7996368042884638,0.33653934583362494,0.4422599967219501
WST,0.7261204361605967,4.244957166666667,0.38058207958082796,0.7013810226661632,0.5518140939827686,0.9583404844449022,0.9583404844449022
IDYA,0.7254308756007242,4.798564266666666,0.8062309021351951,0.7583841357153557,0.7499492279808556,0.6009352528225116,0.77327147742548
APLD,0.7247120543422517,7.196800955357143,0.5477228489523326,0.8928937274960053,0.6695416703644828,0.7307439399293255,0.317108771052158
USAC,0.724390243902439,3.0780225,0.371164229835652,0.6341463414634146,0.8780487804878049,0.5121951219512195,0.926829268292683
NSIT,0.7240212973600663,3.6767517,0.6320829698555781,0.6766420832870078,0.6871919356631953,0.7646542885026375,0.9374853302696758
OII,0.7230581414928676,4.792301,0.7754715551852133,0.7813920762069713,0.7433367010656466,0.5568725794423998,0.780285535589714
ENLT,0.7228998214848262,3.765618566666667,0.6786576235492318,0.6038013231124646,0.8436942140081908,0.5848122090377682,0.9931394168504322
IBRX,0.7227610782504479,9.842731954634147,1.7180433399600288,0.9429683976273501,0.9763348275185858,0.19553508608477913,0.11897932232414474
CRWV,0.7224590860098605,5.968058334199999,0.6293099826632685,0.8614334947063197,0.6056556269080781,0.8138297477435557,0.4621194389611019
LC,0.7223140495867768,4.840425,0.4042427800393384,0.7933884297520661,0.8264462809917356,0.4462809917355372,0.6611570247933884
LQDA,0.7218828365103608,9.104683333333334,0.3149112193001021,0.9782133227746668,0.5016780737975376,0.7319041423911609,0.5754001923185701
CIFR,0.7216686321565707,8.180475567777778,0.8635332902749357,0.9257456708999147,0.7237488415400585,0.6602698045639477,0.12291591889790605
TEO,0.7212351753768783,4.930052659259259,0.6877413548857021,0.8120963815872428,0.7404939636496329,0.44350663928597905,0.8912722668677604
CALM,0.7207036558945727,4.201061316666666,0.5240228216207274,0.6661640015789513,0.7234538264883619,0.7497704322481894,0.8438332962137532
PRMB,0.7196106281442222,4.58891,0.9041294035556728,0.9449310021652717,0.6298688987277683,0.6001292699479689,0.4840480884206444
UPST,0.7188080333927854,6.532150223076923,0.42838220752015826,0.8861728177618422,0.5103336283611355,0.8271297797985864,0.6460482129002603
GPCR,0.7179550437928912,4.77670523076923,0.5168311817065164,0.7862853468772898,0.5942754667405705,0.7427710703399891,0.8620454495864244
DLTR,0.7148396180625891,4.1534478833333335,0.3860235415299345,0.609704587374812,0.760910875102128,0.8103738188848632,0.7304944241868755
CEF,0.7138429752066116,3.31588,0.8070358714980317,0.5537190082644629,0.8140495867768595,0.7272727272727273,0.8966942148760332
BITF,0.7127009361081229,12.204104870967742,0.8113813669583324,0.9843122325832167,0.865223633031255,0.31713857826604125,0.01935667489849599
LEN,0.7120847651775487,-0.814933,3.6827094409532073,0.40893470790378,0.9896907216494846,0.6735395189003436,0.8785796105383734
QBTS,0.7119089339606726,11.524268452173912,0.5727230398879909,0.9332971705360048,0.6429873054146344,0.712460302790875,0.17717306819773862
BF-A,0.7116410240192708,3.8760163333333337,0.48732329501271615,0.7449349892531711,0.6843852035410477,0.5873175525772928,0.9391544602583562
LMND,0.7103508771929824,5.7648554,0.4989597099984776,0.8210526315789474,0.5508771929824562,0.7894736842105263,0.7228070175438597
B,0.7086631163648857,2.3200745241379312,0.9099903512372585,0.7308959132765096,0.8187517095333248,0.6034292566119553,0.45600597059052705
MEOH,0.7077299911806857,3.4962058999999996,0.49080902575673013,0.7329263587256091,0.6740712159629589,0.6236219821408886,0.9055644361150921
AXSM,0.7072281635906924,4.168724166666666,0.2631409196423227,0.7061805273528571,0.5220883534136546,0.9103530225772002,0.9526345080697322
GME,0.7071718752605912,4.111852167567568,0.8771128793471382,0.6642369694517579,0.8937581876219151,0.5546536410793432,0.50942842068937
CBZ,0.7068650611755579,4.168766199999999,1.0015494303509855,0.7190004382275459,0.6647911870929395,0.6716164551924927,0.8821470127488957
BTDR,0.7066264735107989,5.78284157,0.676305973592984,0.8419191994639327,0.7801969850141539,0.49097801225590854,0.4069020649228685
PDD,0.7065862068965517,1.8866254000000002,0.830989127522826,0.7613793103448275,0.556551724137931,0.8165517241379311,0.82
ONON,0.7064811499395549,2.686509646153846,0.7957265103125578,0.7427159187059106,0.7307150803080913,0.6256755365004809,0.6564519298455802
AAPL,0.7061855670103091,1.5241179333333335,0.8850857597445149,0.711340206185567,0.6013745704467354,0.9072164948453608,0.6529209621993127
NGD,0.7059627265456149,6.154130037837838,0.84444671056375,0.884878818565177,0.8696585446152412,0.37619500912771237,0.16635647606926077
RRX,0.705586319669632,3.9229871333333333,0.5106400033064104,0.6112635459105901,0.671051245808043,0.8347662204484355,0.8982289847842354
PARR,0.703636980456236,3.397225016666667,0.751357743690364,0.8562563536462914,0.47828030052617027,0.7278668587572735,0.9097577974441972
TEAM,0.7002222222222223,3.1242561,0.5437272407533067,0.68,0.5688888888888889,0.88,0.8711111111111111
SE,0.6998984651711924,3.704964571428572,0.5158047842009211,0.6166469893742621,0.6176859504132232,0.9064935064935066,0.865832349468713
NBIS,0.6998167747671293,6.48750172,0.5379212466652118,0.9696887649606325,0.31685141406181594,0.9275139587669138,0.6402492035588963
CACI,0.6995002918030245,4.518764050000001,0.3242922951080475,0.6978326454894413,0.45115360894510187,0.9867755137546724,1.0
ZIM,0.6988683503189039,4.526425573333333,0.6897987757350476,0.7194983854591575,0.8635287208250355,0.472453520527612,0.5031815901391403
DVN,0.6966001195113438,2.210060918181818,0.8683160452682553,0.7519001539116481,0.7084723384836585,0.5996249615807261,0.6554475485684124
MKTX,0.6963111998382601,4.6673363199999995,0.5394588338375377,0.7336610533678348,0.4761464659897291,0.8955038837647843,0.9377779131015588
DRVN,0.6956904174984635,6.623525407692307,0.47298905424172816,0.9016380386761771,0.7012979929836518,0.3943463375078472,0.55793538915954
CNK,0.6943991510728059,4.230380966666666,0.8537967658881365,0.6704040168750162,0.8814452467841706,0.48050832103941815,0.5515024458420684
DQ,0.6926923076923077,4.292931,0.6067228877205028,0.9115384615384616,0.4269230769230769,0.6865384615384615,0.8692307692307693
REVG,0.690850483958691,5.8459341,0.24484542839494905,0.8818084846043547,0.4173393305309228,0.769662885221362,0.8221617161707142
SBS,0.6903805533609153,3.4946185200000004,0.7047922854104792,0.6580816513157257,0.7767389517013661,0.5416560698396797,0.7986212833699728
PAGS,0.69026236839126,4.904666583333333,0.7646430966547655,0.7958979584135251,0.8269462998603722,0.3819672440469451,0.45873429186007025
SMMT,0.6893574297188755,8.34783,0.3181610240534702,0.9718875502008032,0.5742971887550201,0.5421686746987951,0.3975903614457831
GGAL,0.6874769481326727,4.983695085714286,0.34475978833586,0.7558041340517427,0.5285778000897426,0.8069577805379753,0.7655171507555769
IVZ,0.6867010470385997,4.6125502,0.6445275565905831,0.7127155284679898,0.8249726519768714,0.4936448403396364,0.4978121581497109
DYN,0.6865491059884579,4.33608485,0.5140008428399694,0.6652815537648804,0.8000861431890377,0.5194783231990442,0.6977474741477769
IREN,0.6861515419502021,4.311470816666667,0.8812678344861066,0.6666776082361049,0.8883396205145012,0.5985012571358864,0.2219526046031266
MSGE,0.6851111111111111,3.0220313,0.5928607467204844,0.64,0.6711111111111111,0.6577777777777778,0.9466666666666668
FND,0.684911904557754,3.6298566285714284,0.43178081232610543,0.7747120200293315,0.5091631528426442,0.7700518640231279,0.8154522124793686
CYBR,0.6817313410645258,3.07005415,0.37261094406859874,0.31772227178114776,0.7761671126969967,0.9971751412429379,0.9943502824858756
SBLK,0.681441059845234,4.0824952833333334,0.6528140519063369,0.6484447834539904,0.901371688428969,0.3689566466757326,0.652139653510517
TLRY,0.6809384288747347,3.783235433333333,0.9393939482707357,0.7275705186533212,0.9138853503184713,0.3151713679102214,0.43394601152562934
BBUC,0.6796838901838901,3.560162733333333,0.5433847775642303,0.5377735227735227,0.7617624967624969,0.6320039220039221,0.9844549894549894
BLCO,0.6794474520303259,3.8717428,0.664293758331841,0.611879073423381,0.8791946676208793,0.3875895954981945,0.8005372356519581
STRL,0.6789232561898311,4.44526256,0.3154003801875571,0.7413430920807029,0.3779439032728047,0.9557640026204541,0.9602000729201261
HRL,0.6785039635688986,4.4784029,0.5425838786600604,0.6603699330972058,0.854837802889751,0.4782706471018159,0.5252712655310058
OLN,0.6734917257683215,3.234592,0.6014942674037739,0.6991489361702128,0.7532151300236407,0.49182033096926714,0.6680023640661938
MOS,0.6709876543209876,3.2053893,0.4587854248709617,0.7222222222222222,0.7222222222222222,0.5185185185185185,0.6172839506172839
ABTC,0.6695860398516645,1.4079583428571427,2.7779289351408702,0.8001369229862411,0.9816024887410408,0.159360260521348,0.14105193642846342
DAVE,0.6685984424174838,4.1622541,0.20395391533771023,0.5546081570644926,0.5243848538322194,0.9585506665039288,0.9924075530284876
MLYS,0.6679775280898876,3.6142964,0.5768619821655161,0.5561797752808989,0.8370786516853933,0.550561797752809,0.702247191011236
ORCL,0.6676204289732771,4.1868909,0.6073408132830335,0.5806522503516174,0.6764680028129395,0.8764284458509142,0.5234265119549929
U,0.6668722564830849,3.4041065999999995,0.4608320507152604,0.7224278088009429,0.6415836371331007,0.6544639425581462,0.5857546189454031
CLBT,0.6656050955414012,4.900818,0.3401093253782386,0.8598726114649682,0.5286624203821656,0.5414012738853503,0.7133757961783439
FUTU,0.6632653061224489,4.260511,0.1359111389586734,0.6938775510204082,0.4489795918367347,0.8979591836734694,0.8367346938775511
CLS,0.6613924050632911,3.7911887,0.1429415070140929,0.569620253164557,0.5569620253164557,0.8987341772151899,0.8734177215189873
RGTI,0.657407596223361,10.003537890909092,0.37634052848620186,0.9268190824394971,0.5292046285593884,0.6800020062059325,0.1179889613256452
CCJ,0.6572345050478609,4.459355511111111,0.35839049350789565,0.6546679396110711,0.5771429663902684,0.7866977813902738,0.6876113166933728
MC,0.6570224719101123,3.98425,0.2484398924329958,0.6685393258426966,0.550561797752809,0.7191011235955056,0.8651685393258427
BKU,0.6526595744680852,3.0779955,0.4397791575551594,0.648936170212766,0.6063829787234043,0.6382978723404256,0.8563829787234043
SHOO,0.6502554753577895,4.372183933333333,0.2502883762783884,0.7313292159634894,0.5751419996527519,0.6023017585633852,0.7253019817942804
BETA,0.6473753015410828,7.7995273111111105,0.2730383028714505,0.9239743063414365,0.37250524932212775,0.6314440676476103,0.6731864352931329
NOV,0.6461604286033187,5.369915566666667,0.3262408177796173,0.8390753280253987,0.6851700275318104,0.38050946250961126,0.36572661656373234
HUT,0.6455131810637758,6.026789775,0.25275459598081085,0.8144153233293187,0.39846780500625684,0.8003223477924492,0.6093961658783457
LUMN,0.6365808492569002,6.600721559999999,0.32062452297826505,0.8969101203113942,0.6596881811748053,0.33847013446567586,0.24077416843595184
BBAI,0.6354823193286724,11.719862883333334,0.7342714668226281,0.8689696209245028,0.7048325169393751,0.4119636591560436,0.022588392451065118
WHR,0.6335039126633829,3.6371450333333333,0.30322292747164953,0.7871383185142541,0.31365274312885133,0.7951129021940767,0.892044606494808
WLY,0.6316326530612245,3.5365536,0.1903856463776403,0.5306122448979592,0.7142857142857143,0.5510204081632653,0.8571428571428571
ALNY,0.6272151898734177,3.655181,0.1116089210221981,0.5063291139240507,0.4683544303797468,0.9493670886075948,0.9620253164556962
XYZ,0.6258823529411764,3.8096838,0.2497594544564506,0.5176470588235295,0.7529411764705882,0.6352941176470588,0.5411764705882353
CRL,0.6235099337748344,5.129899,0.0962428316606802,0.8278145695364238,0.1589403973509933,0.933774834437086,0.913907284768212
ONDS,0.6218052070494667,7.291889394736842,0.6980825009634642,0.7841847916180984,0.7393770304240945,0.406274815178074,0.07303606299084474
SBSW,0.6200600280401416,5.252846114285714,0.48655005364169807,0.7293196576151122,0.671776121605667,0.43879648760330575,0.41917207792207795
YETI,0.6172732110375788,3.27868816,0.38496533672004773,0.7488134215720423,0.39251286814505204,0.6752560083594565,0.8275780796470451
ONTO,0.6132194444444444,5.1633338,0.1483268050691067,0.7392592592592592,0.2655740740740741,0.8623333333333333,0.8906111111111111
SGHC,0.6117283950617284,3.1394289,0.4471008555817245,0.7037037037037037,0.6790123456790124,0.345679012345679,0.5864197530864198
AMTM,0.6112903225806451,3.5014007,0.558735929044406,0.4516129032258064,0.8580645161290322,0.432258064516129,0.6645161290322581
MENS,0.6111779541883734,12.470829666666667,0.11784307949266093,0.9885057471264368,0.021086579012651863,0.8236169684941702,0.9309724634085835
MAZE,0.6106451612903226,4.3142853,0.2685045628716472,0.632258064516129,0.535483870967742,0.5806451612903226,0.8580645161290322
HIMS,0.6075836041909,6.0307356500000004,0.3208743044566891,0.7726683773184514,0.50653286999311,0.6412558374186008,0.3161200014813326
XP,0.601985766758494,4.2938572,0.40304970107874794,0.6893939393939394,0.6432506887052342,0.44731404958677684,0.4609733700642792
WULF,0.5976359372218588,5.448939758333334,0.2998533407833932,0.7873078299396542,0.6135596803344326,0.45020047866874785,0.17292212892178793
FIGR,0.5928568490579382,7.4059928,0.13312841366052583,0.905126143232553,0.20663311552293534,0.7094578316530559,0.6184954216290622
NVDA,0.591596884186886,1.0042245611111111,0.35654441180054547,0.5140059611878436,0.6377535848310418,0.746690999156356,0.3914284324900499
IHS,0.5909633146800664,4.1837602,0.4154023393704379,0.6359483032012949,0.741879284007677,0.20999776362954078,0.6672410643101807
DJT,0.5873360282445782,5.2353233,0.27114420557877467,0.6976299250876898,0.6772975241727522,0.3177851978383853,0.4255438143574648
UBER,0.5865792142628377,1.220757275,0.2383275900231855,0.4821114017294758,0.6325357638518202,0.7199370129176897,0.5246530372584606
NE,0.584051724137931,3.5760918,0.2053618969303427,0.8189655172413793,0.293103448275862,0.603448275862069,0.7413793103448276
NET,0.5824427215189873,3.795465425,0.17737069568791644,0.48466402953586496,0.4472132559774965,0.8618094233473981,0.8392378691983122
MLCO,0.5804878048780489,4.2722306,0.1517801148051833,0.7804878048780488,0.5365853658536586,0.3170731707317073,0.5609756097560976
ARX,0.5784983414853544,5.677269333333334,0.16015423231934103,0.8434811941305448,0.3979310732557486,0.3852813852813852,0.6694777084387473
GOOG,0.574965373323149,-0.7312470785714286,0.3285640726914308,0.34345221135954673,0.6876683049278938,0.6915119913150624,0.7577079435953239
WRD,0.5668103448275862,3.25678,0.2826527108214382,0.75,0.5862068965517241,0.2586206896551724,0.4741379310344827
VICR,0.5656,3.7779999,0.1951161865537172,0.432,0.528,0.68,0.936
AVGO,0.5640616112714749,-2.843953883333333,0.30515939811241455,0.23631667037737095,0.6050096062872049,0.9616142134728355,0.7727457174430631
SA,0.5624249084249086,3.852687833333333,0.28065543470127285,0.5288644688644689,0.5635897435897436,0.5132600732600733,0.7741391941391941
ASO,0.5579136690647483,3.3782406,0.2213756007767061,0.762589928057554,0.1942446043165467,0.697841726618705,0.8345323741007195
CPNG,0.5479801777170199,-5.291190725,0.8518195607045894,0.10166521318971405,0.9280081080444057,0.6737104320362033,0.5285242887783722
GOOGL,0.5397674722079019,-0.7583393860909091,0.2512263299326757,0.29426147999497937,0.6142487006097114,0.7656801850798524,0.6865287198028956
IPG,0.5367889700851921,-1.9553095333333335,10.560584861655812,0.1932350493316365,0.9882203000378675,0.3520404339201619,0.5287151102183338
MSFT,0.5349638802889577,-2.217658033333333,0.23969097075165016,0.15335397316821464,0.6222910216718266,0.9492260061919504,0.7364293085655315
MCHB,0.534375,2.8683155,0.4375560850846444,0.203125,0.921875,0.25,0.90625
XPEV,0.5295918367346938,3.7095857,0.1735626981176895,0.5714285714285714,0.6326530612244898,0.3673469387755102,0.3469387755102041
NVMI,0.5273184774964839,3.6738649,0.11225968910526715,0.5140207454289732,0.1876758087201125,0.9152601969057665,0.9867264416315049
MARA,0.525800004436504,4.039624522222223,0.1897255334016541,0.672069524087399,0.5571792300809064,0.4140287693782373,0.12757186601949633
HL,0.523719019114247,2.5219942444444445,0.2720644469591754,0.62948606269199,0.5869289534430359,0.3089573288027865,0.36182297706430616
LVS,0.5207317073170732,2.985835,0.0892604048100824,0.6097560975609756,0.2439024390243902,0.7560975609756098,0.7073170731707317
HBI,0.5177662627798496,-1.5608064857142858,12.155035963513155,0.2794770904066732,1.0,0.15277689046848517,0.393939030438169
STLA,0.5176617754539833,4.0285028,0.2532189719068308,0.6266936526676786,0.6532861078315624,0.24270534660145046,0.21127789958958787
MU,0.5175877192982457,0.8682379450000001,0.2189069170765455,0.35175438596491226,0.5280701754385965,0.6833333333333333,0.7298245614035088
GLOB,0.5123282690559668,4.0728685,0.08888355199355909,0.612439942864563,0.22802233476171926,0.6933125568108038,0.795039605246072
PSLV,0.5073373215986335,3.4145039500000003,0.24161811134944772,0.7296961844210361,0.38424518181459993,0.4247133859708011,0.3251516622200075
TU,0.5017647058823529,3.0998905,0.4375584676763441,0.3411764705882353,0.8941176470588236,0.2,0.2941176470588235
KYIV,0.4999999999999999,3.4265718,0.2039712110476949,0.3,0.82,0.16,0.76
BROS,0.4988235294117646,3.9022787,0.0965712492830214,0.5647058823529412,0.3058823529411765,0.6470588235294118,0.6470588235294118
DOCN,0.4987341772151898,3.8314195,0.095283797545245,0.6075949367088608,0.379746835443038,0.4810126582278481,0.569620253164557
DK,0.48864658319857296,3.52135958,0.0648478618039375,0.7635916843105547,0.035866828934864835,0.6451141156661053,0.7981328042945501
TSLA,0.4871303488684883,0.9112115384999999,0.17888438413743513,0.3517167327082628,0.45351272062932874,0.7602452409506196,0.5325099201020738
FCX,0.4870588235294117,3.1999068,0.1629358335421739,0.4117647058823529,0.6235294117647059,0.4941176470588235,0.2588235294117647
SCCO,0.4811764705882353,3.3358045,0.0861284560261064,0.4235294117647059,0.2352941176470588,0.8,0.9058823529411764
HTFL,0.47888596491228064,4.4304802,0.08843734723044136,0.5808771929824561,0.1628070175438596,0.627719298245614,0.9305263157894736
LTM,0.4785714285714285,3.6655993,0.1081985450456109,0.5510204081632653,0.2448979591836734,0.6530612244897959,0.6938775510204082
APA,0.4785714285714285,2.9435349,0.1405653323426955,0.7142857142857143,0.1818181818181818,0.5194805194805194,0.6103896103896104
AMZN,0.4765402850731078,0.19468552933333336,0.19478555928430533,0.5101906220172343,0.4398657541092581,0.4038332652105836,0.6325390038671876
SBET,0.4741176470588235,5.7171483,0.091710750604317,0.8705882352941177,0.2823529411764706,0.2705882352941176,0.1647058823529411
PLTR,0.46532315013967634,1.01342716875,0.14559663746205032,0.42999901135339763,0.3630693192486515,0.7006855949149425,0.47612115445970693
BLDR,0.4517647058823529,3.4032137,0.0527455231996541,0.4705882352941176,0.1411764705882353,0.7647058823529411,0.8470588235294118
BLSH,0.4470588235294117,4.057355,0.0694347976702775,0.611764705882353,0.188235294117647,0.5294117647058824,0.611764705882353
RMBS,0.4443037974683544,3.9919252,0.0349262058149656,0.6455696202531646,0.0379746835443038,0.6455696202531646,0.759493670886076
HBM,0.4417647058823529,3.8929403,0.1166363596642095,0.5529411764705883,0.4470588235294118,0.3176470588235294,0.2823529411764706
PBF,0.4414634146341463,3.2772653,0.0463927672236209,0.6585365853658537,0.073170731707317,0.5853658536585366,0.6829268292682927
NFLX,0.43788715486194474,-3.8980479333333338,0.19350398363442456,0.05546218487394953,0.6793917567026811,0.7368547418967587,0.3331732693077231
RIVN,0.43751147348891706,2.223201575,0.1870275594761995,0.5942193145200664,0.41203007518796986,0.32199004003515275,0.20926179084073815
GLXY,0.4316455696202531,4.475809,0.071950601130925,0.6835443037974683,0.2531645569620253,0.3544303797468354,0.3291139240506329
AMD,0.422077922077922,-0.29820713,0.1731317056015311,0.4545454545454545,0.2987012987012987,0.4805194805194805,0.6233766233766234
NAVN,0.41936385233918133,5.640021233333333,0.0628357016209108,0.6569809941520468,0.08497441520467834,0.47635964912280704,0.6440752923976608
RXO,0.4103896103896104,3.0257156,0.0657382500928961,0.7272727272727273,0.0259740259740259,0.3831168831168831,0.7012987012987013
NVO,0.4020408163265306,-0.09460353,0.3494686218483906,0.1632653061224489,0.8163265306122449,0.0816326530612244,0.4285714285714285
WPP,0.3918367346938776,3.176286,0.1174764121395926,0.4081632653061224,0.3265306122448979,0.336734693877551,0.673469387755102
PGY,0.37890625,3.9419038,0.0825650413046706,0.40625,0.171875,0.578125,0.609375
HSAI,0.3673469387755101,3.1233754,0.1162419880257033,0.3877551020408163,0.3061224489795918,0.336734693877551,0.5714285714285714
NVTS,0.3562499999999999,5.155879,0.0762814353210192,0.703125,0.140625,0.234375,0.140625
SNAP,0.354780487804878,-0.9490717833333333,0.18353306125280122,0.27056910569105685,0.6731707317073171,0.07170731707317074,0.10130081300813006
FRMI,0.33704687499999997,4.237818450000001,0.07621900910791365,0.475,0.1615625,0.3234375,0.495625
PFE,0.3036585365853659,0.50505465,0.0787588093946601,0.5121951219512195,0.1951219512195122,0.1463414634146341,0.2682926829268293
BBD,0.2877551020408163,1.2569854,0.1307535296570321,0.3061224489795918,0.4285714285714285,0.1020408163265306,0.1020408163265306
SOFI,0.2803218848515015,-1.5350202666666668,0.1103914769293461,0.22913555666168905,0.3024722083955533,0.3349925335988054,0.2726066036170566
ENPH,0.275,3.3968358,0.0573446225500774,0.28,0.06,0.52,0.52
NIO,0.2568713290194127,-0.7483691499999999,0.12716549106216404,0.19903434544549523,0.4274713787954206,0.14837730214036832,0.07918865107018415
F,0.2439024390243902,0.22590879,0.0658487135949779,0.4634146341463415,0.1707317073170731,0.024390243902439,0.1707317073170731
ASX,0.212,3.126084,0.0652513657068791,0.22,0.18,0.14,0.44
STUB,0.1418367346938775,0.33302522,0.0269229353763868,0.2244897959183673,0.0408163265306122,0.0612244897959183,0.3673469387755102
PLUG,0.11460925833748126,-1.5163698133333334,0.06188829596765416,0.17919362867098054,0.11531441845030693,0.04612576738012273,0.023062883690061365
OPEN,0.1117587108013937,-0.978409225,0.03727499085992795,0.16230214036834245,0.03949228471876553,0.18585614733698358,0.039594325535092054
AIR.PA,,,,,,,
BTC-CAD,,,,,,,
BTC-USD,,,,,,,
DRCT,,,,,,,
ETH-USD,,,,,,,
NFE,,,,,,,
WBUY,,,,,,,
XRP-USD,,,,,,,
