symbol,HotScore,regularMarketChangePercent,VolumeSpike,MomentumScore,VolumeScore,VolatilityScore,TrendScore
VEON,0.9485436893203882,6.5696545,2.379872563718141,0.970873786407767,0.9579288025889968,0.8737864077669902,0.9870550161812298
RCL,0.93915857605178,7.4776435,1.5033504628405752,0.9805825242718448,0.8770226537216829,0.9805825242718448,0.9288025889967636
BE,0.9286407766990292,10.807625,1.457162338688509,0.9902912621359224,0.8640776699029126,0.9935275080906149,0.8090614886731392
WING,0.9173139158576052,6.69941,1.480647978873067,0.9741100323624596,0.8673139158576052,0.906148867313916,0.9158576051779936
KMX,0.909546925566343,4.801061,4.857226605426974,0.9093851132686084,0.9902912621359224,0.8058252427184466,0.8349514563106796
LITE,0.9071197411003236,5.6625257,1.2575402970462684,0.941747572815534,0.8058252427184466,0.9967637540453076,0.9611650485436892
WRBY,0.902588996763754,11.476074,1.7520979924062232,0.9935275080906149,0.9158576051779936,0.8155339805825242,0.7119741100323624
LBTYB,0.8927184466019417,5.311198,31.988713947331757,0.9320388349514565,1.0,0.5825242718446602,1.0
CBOE,0.8915857605177993,3.383871,2.252557409177061,0.7864077669902912,0.9546925566343042,0.9288025889967636,0.964401294498382
IOVA,0.8883495145631067,31.483168,4.5635683942226,1.0,0.9870550161812298,0.8414239482200647,0.2459546925566343
MGNI,0.8880258899676375,9.700857,1.624087949677339,0.9870550161812298,0.9029126213592232,0.7734627831715211,0.7184466019417476
DASH,0.887378640776699,4.8825645,1.3316352113395584,0.9158576051779936,0.8317152103559871,0.9352750809061487,0.8867313915857605
CCL,0.8868932038834951,13.527555,3.598645366755388,0.9967637540453076,0.9805825242718448,0.8187702265372169,0.3106796116504854
TTAN,0.874271844660194,6.0080147,1.2880819382522444,0.9514563106796116,0.8187702265372169,0.8511326860841424,0.8446601941747572
MOD,0.8733009708737863,4.9274454,1.2028872668747137,0.919093851132686,0.7734627831715211,0.9320388349514565,0.9449838187702264
GFI,0.870388349514563,4.5480347,2.889636726012483,0.8932038834951457,0.9741100323624596,0.7265372168284789,0.7152103559870551
SMMT,0.8584142394822007,5.878552,5.319559900232852,0.948220064724919,0.9967637540453076,0.6375404530744336,0.5016181229773463
AGX,0.8567961165048543,6.413108,1.0408250979061515,0.964401294498382,0.6375404530744336,0.9838187702265372,0.9935275080906149
AIG,0.8558252427184466,3.4212668,2.599925479810292,0.7928802588996764,0.964401294498382,0.7896440129449838,0.8284789644012945
LIND,0.8459546925566342,5.499329,1.282284855896542,0.9352750809061487,0.8122977346278317,0.7346278317152104,0.8737864077669902
HAFN,0.842556634304207,5.8598013,2.6368134856511,0.9449838187702264,0.9676375404530744,0.5631067961165048,0.6051779935275081
EIX,0.8398058252427184,4.0411854,1.4969810141495037,0.8770226537216829,0.8705501618122977,0.7637540453074434,0.7540453074433657
TLN,0.8346278317152104,3.7364073,1.1271844647748843,0.8478964401294499,0.7055016181229773,0.964401294498382,0.9805825242718448
ORCL,0.8244336569579288,3.993211,1.2878369864263215,0.8705501618122977,0.8155339805825242,0.889967637540453,0.5631067961165048
ARM,0.8177993527508091,3.6494641,1.101702146874329,0.8414239482200647,0.6925566343042071,0.9546925566343042,0.8996763754045307
ASML,0.8116504854368932,3.5553586,1.0484417142010092,0.8220064724919094,0.6407766990291263,1.0,0.9967637540453076
VECO,0.8009708737864079,4.68718,1.0850233307221089,0.9029126213592232,0.6828478964401294,0.7766990291262136,0.906148867313916
META,0.8009708737864077,3.2377496,1.1169475934085908,0.7766990291262136,0.6990291262135923,0.9870550161812298,0.8705501618122977
MDB,0.8004854368932037,0.74997306,4.93827818852836,0.5631067961165048,0.9935275080906149,0.7993527508090615,0.9579288025889968
ABCL,0.7966019417475729,6.4655147,1.3242189186550783,0.9676375404530744,0.8284789644012945,0.6326860841423948,0.4142394822006472
AMAT,0.7953074433656957,5.1873612,0.9027673653785832,0.9255663430420712,0.5210355987055016,0.9902912621359224,0.9093851132686084
PRIM,0.7938511326860841,4.401008,1.055568399980115,0.883495145631068,0.656957928802589,0.8220064724919094,0.9029126213592232
VVV,0.7899676375404531,4.1432595,1.1982336316016813,0.8802588996763754,0.7637540453074434,0.6893203883495146,0.7669902912621359
DUOL,0.7857605177993527,6.1950793,0.8831501971096234,0.9611650485436892,0.4886731391585761,0.9223300970873788,0.9385113268608414
TWST,0.7839805825242717,3.6358566,1.0258711242169916,0.8317152103559871,0.627831715210356,0.9029126213592232,0.9255663430420712
TJX,0.7815533980582524,2.7524045,1.253571848867525,0.7152103559870551,0.7993527508090615,0.8478964401294499,0.8187702265372169
MRCY,0.7807443365695792,3.145278,1.1732687318415276,0.7637540453074434,0.7411003236245954,0.8025889967637541,0.9352750809061487
BA,0.7799352750809062,1.8276453,1.3588467587056683,0.6666666666666666,0.8414239482200647,0.8317152103559871,0.8576051779935275
DPZ,0.7771844660194174,3.2641082,1.001225145240853,0.7799352750809061,0.6213592233009708,0.9449838187702264,0.9773462783171522
CVNA,0.7729773462783172,5.2257314,0.987029337039741,0.9288025889967636,0.6148867313915858,0.8252427184466019,0.6763754045307443
MNSO,0.7648867313915857,3.5914671,1.524785390396919,0.8284789644012945,0.883495145631068,0.4579288025889967,0.7411003236245954
AXTI,0.7572815533980582,6.121898,0.9006410627461517,0.9579288025889968,0.511326860841424,0.8705501618122977,0.6893203883495146
RLAY,0.7556634304207119,3.7874508,1.208730531930439,0.8543689320388349,0.7831715210355987,0.5889967637540453,0.6472491909385113
FORM,0.7555016181229772,4.0314565,0.9022034059032802,0.8737864077669902,0.5145631067961165,0.8867313915857605,0.9223300970873788
GRAL,0.7509708737864077,2.9706721,1.0555047642507112,0.7281553398058253,0.6537216828478964,0.86084142394822,0.9514563106796116
BOX,0.7377022653721682,4.515,0.983166700637786,0.889967637540453,0.6019417475728155,0.7087378640776699,0.7378640776699029
CRH,0.737378640776699,0.9432847,1.8376850533748412,0.5922330097087378,0.9320388349514565,0.6116504854368932,0.8155339805825242
AEO,0.7344660194174757,4.8526874,1.092747544254639,0.912621359223301,0.6893203883495146,0.6148867313915858,0.5080906148867314
PTON,0.7296116504854367,4.9999948,1.566775002520282,0.9223300970873788,0.8867313915857605,0.3948220064724919,0.174757281553398
CRSP,0.728640776699029,3.5311515,0.9685764817175996,0.8155339805825242,0.5857605177993528,0.7572815533980582,0.8673139158576052
