symbol,Appearances,AvgHotScore
SYNA,1,0.9745215311004785
IMOS,1,0.9657894736842104
MXL,1,0.9111244019138756
MTRN,1,0.8934210526315791
VECO,1,0.8921052631578947
NTAP,1,0.8876794258373206
ALGM,1,0.8842105263157894
CAMT,1,0.875
VSH,1,0.8714114832535883
ARW,1,0.8655502392344497
ON,1,0.8626794258373206
ACLS,1,0.8612440191387559
TER,1,0.8510765550239234
RXO,1,0.8503588516746412
PENG,1,0.8485645933014354
CWST,1,0.8473684210526317
LW,1,0.8433014354066986
COHR,1,0.838157894736842
STM,1,0.8287081339712917
AVT,1,0.8283492822966507
QGEN,1,0.8261961722488038
SMTC,1,0.8258373205741626
VIRT,1,0.8241626794258373
ARXS,1,0.8233253588516746
AAOI,1,0.8226076555023922
SPCX,1,0.8196172248803828
NPO,1,0.8165071770334928
TSLA,1,0.8141148325358851
HPE,1,0.8126794258373206
VSEC,1,0.8119617224880384
ARM,1,0.811244019138756
RGC,1,0.8093301435406698
VIAV,1,0.8083732057416269
IBRX,1,0.805622009569378
LSCC,1,0.8038277511961722
CRDO,1,0.7995215311004784
LIF,1,0.7935406698564593
PL,1,0.7929425837320574
PPC,1,0.7895933014354067
ECHO,1,0.786244019138756
GRAL,1,0.7831339712918659
HLIO,1,0.7807416267942583
TECK,1,0.7794258373205742
DIOD,1,0.7751196172248804
OUST,1,0.7721291866028708
RKLB,1,0.7716507177033493
COHU,1,0.76877990430622
CAR,1,0.7644736842105263
RDN,1,0.7642344497607656
POWI,1,0.7618421052631579
